name,03/31/2020,12/31/2019,09/30/2019,06/30/2019,03/31/2019,12/31/2018,09/30/2018,06/30/2018,03/31/2018,12/31/2017,09/30/2017,06/30/2017,03/31/2017,12/31/2016,09/30/2016,06/30/2016,03/31/2016,12/31/2015,09/30/2015,06/30/2015,03/31/2015,12/31/2014,09/30/2014,06/30/2014,03/31/2014,12/31/2013,09/30/2013,06/30/2013,03/31/2013,12/31/2012,09/30/2012,06/30/2012,03/31/2012,12/31/2011,09/30/2011,06/30/2011,03/31/2011,12/31/2010,09/30/2010,06/30/2010,03/31/2010,12/31/2009,09/30/2009,06/30/2009,03/31/2009,12/31/2008,09/30/2008,06/30/2008,03/31/2008,12/31/2007,09/30/2007,06/30/2007,03/31/2007,12/31/2006,09/30/2006,06/30/2006,03/31/2006,12/31/2005,09/30/2005,06/30/2005,03/31/2005,12/31/2004,09/30/2004,06/30/2004,03/31/2004,12/31/2003,09/30/2003,06/30/2003,03/31/2003,12/31/2002,09/30/2002,06/30/2002,03/31/2002
TotalAssets,"84,582,000,000","91,713,000,000","93,896,000,000","95,732,000,000","94,150,000,000","88,190,000,000","85,486,000,000","88,087,000,000","94,384,000,000","99,184,000,000","102,092,000,000","98,305,000,000","103,008,000,000","99,014,000,000","102,087,000,000","100,970,000,000","95,272,000,000","88,492,000,000","99,025,000,000","107,348,000,000","104,550,000,000","116,489,000,000","122,847,000,000","128,751,000,000","127,637,000,000","124,597,000,000","131,277,000,000","126,531,000,000","133,154,000,000","131,478,000,000","136,454,000,000","129,556,000,000","134,432,000,000","128,728,000,000","130,747,874,161.285","143,213,000,000","134,195,000,000","129,139,000,000","125,295,000,000","110,803,000,000","104,340,000,000","102,279,000,000","100,757,000,000","89,056,000,000","81,730,000,000","79,931,000,000","91,738,000,000","85,932,000,000","78,814,000,000","76,717,000,000","73,411,000,000","68,315,000,000","64,777,000,000","60,954,000,000","31,548,000,000","29,482,000,000","27,761,000,000","22,938,000,000","22,103,000,000","19,567,000,000","16,374,000,000","16,372,000,000","14,720,000,000","12,434,000,000","12,161,000,000","11,434,000,000","11,500,000,000","9,783,000,000","8,588,000,000","7,955,000,000","7,492,000,000","9,261,000,000","10,486,000,000"
	CurrentAssets,"19,944,000,000","17,042,000,000","18,486,000,000","15,914,000,000","15,075,000,000","15,292,000,000","15,131,000,000","15,468,000,000","15,239,000,000","18,954,000,000","19,889,000,000","19,862,000,000","22,421,000,000","22,567,000,000","19,507,000,000","18,274,000,000","17,225,000,000","15,473,000,000","17,701,000,000","18,067,000,000","17,703,000,000","20,234,000,000","21,267,000,000","22,576,000,000","22,991,000,000","24,377,000,000","24,746,000,000","21,051,000,000","22,876,000,000","22,897,000,000","25,316,000,000","20,787,000,000","22,727,000,000","21,736,000,000","27,572,780,515.013","31,673,000,000","27,878,000,000","31,791,000,000","31,489,000,000","25,039,000,000","22,812,000,000","21,294,000,000","23,148,000,000","20,528,000,000","22,033,000,000","23,238,000,000","29,192,000,000","13,791,000,000","12,765,000,000","11,380,000,000","12,147,000,000","10,801,000,000","12,421,000,000","12,940,000,000","7,579,000,000","6,313,000,000","5,647,000,000","5,380,000,000","5,006,000,000","4,634,000,000","3,923,000,000","4,493,000,000","4,246,000,000","3,069,000,000","2,938,000,000","2,474,000,000","3,139,000,000","2,482,000,000","2,696,000,000","2,589,000,000","2,893,000,000","3,069,000,000","3,566,000,000"
		CashCashEquivalentsAndShortTermInvestments,"12,267,000,000","8,176,000,000","9,465,000,000","6,450,000,000","5,020,000,000","5,816,000,000","6,106,000,000","6,387,000,000","5,375,000,000","4,346,000,000","4,724,000,000","5,730,000,000","6,793,000,000","4,280,000,000","5,484,000,000","4,306,000,000","3,809,000,000","3,619,000,000","4,462,000,000","3,264,000,000","3,685,000,000","4,122,000,000","8,332,000,000","7,065,000,000","7,182,000,000","5,324,000,000","7,202,000,000","6,256,000,000","6,609,000,000","6,078,000,000","8,636,000,000",,"4,922,000,000","3,531,000,000","8,031,997,222.055","13,227,000,000","11,811,000,000","9,377,000,000","9,723,000,000","6,235,000,000","11,136,000,000","11,040,000,000","13,020,000,000","11,192,000,000","12,214,000,000","12,639,000,000","15,584,000,000","2,154,000,000","2,264,000,000","1,046,000,000","2,508,000,000","1,774,000,000","3,954,000,000","4,448,000,000","2,891,000,000","1,894,000,000","1,644,000,000","1,157,000,000","1,235,000,000","956,000,000","1,122,000,000","1,475,000,000",,"1,059,000,000","1,001,000,000","585,000,000","1,340,000,000",,"1,284,000,000","1,091,000,000","1,402,000,000","1,572,000,000","2,008,000,000"
			CashAndCashEquivalents,"11,788,000,000","7,350,000,000","8,559,000,000","6,048,000,000","5,008,000,000","5,784,000,000","6,100,000,000","6,369,000,000","5,368,000,000","4,328,000,000","4,719,000,000","5,720,000,000","6,716,000,000","4,262,000,000","5,369,000,000","4,168,000,000","3,782,000,000","3,591,000,000","4,397,000,000","3,158,000,000","3,684,000,000","3,974,000,000","7,882,000,000","7,065,000,000","7,182,000,000","5,321,000,000","7,121,000,000","5,887,000,000","6,042,000,000","5,832,000,000","7,951,000,000",,"4,922,000,000","3,531,000,000","8,024,590,280.474","13,227,000,000","11,271,000,000","7,584,000,000","9,723,000,000","6,235,000,000","11,124,000,000","7,293,000,000","8,458,000,000","8,192,000,000","8,997,000,000","10,331,000,000","14,945,000,000","2,154,000,000","2,264,000,000","1,046,000,000","2,508,000,000","1,774,000,000","3,954,000,000","4,448,000,000","2,891,000,000","1,894,000,000","1,644,000,000","1,157,000,000","1,235,000,000","956,000,000","1,122,000,000","1,475,000,000",,"1,059,000,000","1,001,000,000","585,000,000","1,340,000,000",,"1,284,000,000","1,091,000,000","1,402,000,000","1,572,000,000","2,008,000,000"
				CashFinancial,,,,,,,,,,,,,,,"2,921,000,000","2,581,000,000","2,622,000,000","2,018,000,000","1,429,000,000","1,806,000,000","2,347,000,000","2,109,000,000","2,865,000,000","2,465,000,000","2,062,000,000","1,558,000,000","1,827,000,000","1,649,000,000","1,788,000,000","1,194,000,000","1,084,000,000",,"900,000,000","945,000,000","1,154,582,788.772","1,087,000,000","923,000,000","560,000,000","569,000,000","1,423,000,000","681,000,000","728,000,000","541,000,000","503,000,000","583,000,000","767,000,000",,,,"424,000,000",,,,"1,542,000,000",,,,,,,,,,,,,,,,,,,
				CashEquivalents,,,,,,,,,,,,,,,"2,448,000,000","1,587,000,000","1,160,000,000","1,573,000,000","2,968,000,000","1,352,000,000","1,337,000,000","1,865,000,000","5,017,000,000","4,600,000,000","5,120,000,000","3,763,000,000","5,294,000,000","4,238,000,000","4,254,000,000","4,638,000,000","6,867,000,000",,"4,022,000,000","2,586,000,000","6,870,007,491.702","12,140,000,000","10,348,000,000","7,024,000,000","9,154,000,000","4,812,000,000","10,443,000,000","6,565,000,000","7,917,000,000","7,689,000,000","8,414,000,000","9,564,000,000",,,,"622,000,000",,,,"2,906,000,000",,,,,,,,,,,,,,,,,,,
			OtherShortTermInvestments,"479,000,000","826,000,000","906,000,000","402,000,000","12,000,000","32,000,000","6,000,000","18,000,000","7,000,000","18,000,000","5,000,000","10,000,000","77,000,000","18,000,000","115,000,000","138,000,000","27,000,000","28,000,000","65,000,000","106,000,000","1,000,000","148,000,000","450,000,000",,,"3,000,000","81,000,000","369,000,000","567,000,000","246,000,000","685,000,000",,"0","0","7,406,941.581","0","540,000,000","1,793,000,000","0","0","12,000,000","3,747,000,000","4,562,000,000","3,000,000,000","3,217,000,000","2,308,000,000","639,000,000",,,,,,,,,,,,,,,,,,,,,,,,,,
		Receivables,"2,764,000,000","3,400,000,000","3,226,000,000","3,667,000,000","3,942,000,000","3,895,000,000","3,733,000,000","3,708,000,000","4,039,000,000","5,670,000,000","5,951,000,000","5,035,000,000","6,703,000,000","5,359,000,000","4,542,000,000","4,600,000,000","4,176,000,000","2,950,000,000","3,735,000,000","4,734,000,000","4,361,000,000","5,554,000,000","5,481,000,000","7,556,000,000","7,651,000,000","7,543,000,000","7,763,000,000","7,376,000,000","8,824,000,000","9,439,000,000","8,713,000,000",,"9,794,000,000","10,817,000,000","11,289,417,561.205","10,595,000,000","9,401,000,000","9,910,000,000","9,028,000,000","7,147,000,000","5,551,000,000","4,738,000,000","4,657,000,000","3,652,000,000","4,478,000,000","5,250,000,000","5,984,000,000","6,200,000,000","5,232,000,000","5,175,000,000","4,600,000,000","4,670,000,000","4,295,000,000","4,172,000,000","2,561,000,000","2,348,000,000","1,996,000,000","1,790,000,000","1,593,000,000","1,738,000,000","1,113,000,000","1,158,000,000",,"903,000,000","837,000,000","818,000,000","742,000,000",,"632,000,000","660,000,000","605,000,000","608,000,000","614,000,000"
			AccountsReceivable,"2,096,000,000","2,529,000,000","2,297,000,000","2,983,000,000","2,453,000,000","2,648,000,000","2,450,000,000","2,348,000,000","2,689,000,000","2,600,000,000","2,712,000,000","1,709,000,000","3,237,000,000","3,663,000,000","2,556,000,000","2,452,000,000","2,553,000,000","1,476,000,000","2,028,000,000","2,788,000,000","2,291,000,000","3,275,000,000","3,359,000,000","4,170,000,000","4,103,000,000","5,703,000,000","5,381,000,000","4,912,000,000","6,143,000,000","6,795,000,000","6,625,000,000",,"7,658,000,000","8,505,000,000","9,065,407,477.484","8,233,000,000","7,507,000,000","8,211,000,000","7,558,000,000","5,844,000,000","3,876,000,000","3,120,000,000","3,328,000,000","2,749,000,000","2,768,000,000","3,204,000,000","5,890,000,000","4,882,000,000","3,839,000,000","3,671,000,000","4,082,000,000","4,091,000,000","3,843,000,000","2,929,000,000","2,258,000,000","1,959,000,000","1,586,000,000","1,790,000,000","1,593,000,000","1,738,000,000","1,113,000,000","1,158,000,000",,"903,000,000","837,000,000","818,000,000","742,000,000",,"632,000,000","660,000,000","605,000,000","608,000,000","614,000,000"
				GrossAccountsReceivable,"2,143,000,000","2,592,000,000","2,363,000,000","3,048,000,000","2,515,000,000","2,710,000,000","2,507,000,000","2,407,000,000","2,784,000,000","2,660,000,000","2,777,000,000","1,770,000,000","3,298,000,000","3,723,000,000","2,621,000,000","2,515,000,000","2,613,000,000","1,534,000,000","2,086,000,000","2,861,000,000","2,365,000,000","3,362,000,000","3,454,000,000","4,264,000,000","4,216,000,000","5,792,000,000","5,481,000,000","5,008,000,000","6,255,000,000","6,909,000,000",,,,"8,610,000,000",,,,"8,329,000,000",,,,"3,247,000,000",,,,"3,289,000,000",,,,,,,,,,,,,,,,,,,,,,,,,,,
				AllowanceForDoubtfulAccountsReceivable,"-47,000,000","-63,000,000","-66,000,000","-65,000,000","-62,000,000","-62,000,000","-57,000,000","-59,000,000","-95,000,000","-60,000,000","-65,000,000","-61,000,000","-61,000,000","-60,000,000","-65,000,000","-63,000,000","-60,000,000","-58,000,000","-58,000,000","-73,000,000","-74,000,000","-87,000,000","-95,000,000","-94,000,000","-113,000,000","-89,000,000","-100,000,000","-96,000,000","-112,000,000","-114,000,000",,,,"-105,000,000",,,,"-118,000,000",,,,"-127,000,000",,,,"-85,000,000",,,,,,,,,,,,,,,,,,,,,,,,,,,
			LoansReceivable,"273,000,000","319,000,000","287,000,000",,"301,000,000","364,000,000","334,000,000","337,000,000","295,000,000","1,898,000,000","2,114,000,000","2,024,000,000","1,913,000,000","71,000,000",,,,,,,,,,,,,,,,"384,000,000","295,000,000",,"163,000,000","82,000,000",,"231,000,000","194,000,000","96,000,000","81,000,000",,"148,000,000","107,000,000","114,000,000","65,000,000","53,000,000","53,000,000",,"154,000,000","103,000,000","64,000,000",,"110,000,000",,"154,000,000",,,,,,,,,,,,,,,,,,,
			TaxesReceivable,"395,000,000","552,000,000","642,000,000","684,000,000","1,188,000,000","883,000,000","949,000,000","1,023,000,000","1,055,000,000","1,172,000,000","1,125,000,000","1,302,000,000","1,553,000,000","1,625,000,000","1,920,000,000","2,080,000,000","1,523,000,000","1,404,000,000","1,364,000,000","1,554,000,000","1,548,000,000","1,700,000,000","1,836,000,000","1,788,000,000","1,632,000,000","1,579,000,000","1,530,000,000","1,597,000,000","2,309,000,000","2,260,000,000","1,793,000,000",,"1,973,000,000","2,230,000,000","2,187,235,124.597","2,131,000,000","1,700,000,000","1,603,000,000","1,389,000,000","1,303,000,000","1,527,000,000","1,511,000,000","1,215,000,000","838,000,000","1,657,000,000","1,993,000,000",,,,"1,159,000,000",,,,"414,000,000",,,,,,,,,,,,,,,,,,,
			DuefromRelatedPartiesCurrent,,,,,,,,,,,,,,,"66,000,000","68,000,000","100,000,000","70,000,000","343,000,000","392,000,000","522,000,000","579,000,000","286,000,000","690,000,000","719,000,000","261,000,000","852,000,000","867,000,000","372,000,000",,,,,,"36,774,959.124",,,,,,,,,,,,,,,"281,000,000",,,,"675,000,000",,,,,,,,,,,,,,,,,,,
			OtherReceivables,,,,,,,,,,,,,,,,,,,,,,,,"908,000,000","1,197,000,000",,,,,,,,,,,,,,,,,,,,,,"94,000,000","1,164,000,000","1,290,000,000",,"518,000,000","469,000,000","452,000,000",,"303,000,000","389,000,000","410,000,000",,,,,,,,,,,,,,,,
		Inventory,"4,090,000,000","4,274,000,000","4,629,000,000","4,724,000,000","4,909,000,000","4,443,000,000","4,056,000,000","3,999,000,000","3,967,000,000","3,926,000,000","4,083,000,000","3,864,000,000","3,641,000,000","3,349,000,000","3,900,000,000","3,866,000,000","3,801,000,000","3,528,000,000","3,808,000,000","4,429,000,000","4,064,000,000","4,501,000,000","4,826,000,000","4,986,000,000","4,754,000,000","4,125,000,000","4,561,000,000","5,020,000,000","5,392,000,000","5,052,000,000","5,144,000,000",,"5,533,000,000","5,251,000,000","5,459,180,068.792","5,273,000,000","4,810,000,000","4,298,000,000","4,263,000,000","3,806,000,000","3,404,000,000","3,196,000,000","3,721,000,000","4,035,000,000","3,752,000,000","3,896,000,000","4,453,000,000","4,347,000,000","3,824,000,000","3,859,000,000","3,550,000,000","3,327,000,000","3,177,000,000","3,493,000,000","1,336,000,000","1,322,000,000","1,313,000,000","1,385,000,000","1,133,000,000","1,033,000,000","867,000,000","1,090,000,000",,"609,000,000","502,000,000","505,000,000","505,000,000",,"282,000,000","292,000,000","243,000,000","315,000,000","322,000,000"
			RawMaterials,"764,000,000","903,000,000","933,000,000","1,011,000,000","994,000,000","956,000,000","955,000,000","930,000,000","1,012,000,000","1,059,000,000","1,028,000,000","994,000,000","995,000,000","976,000,000","1,127,000,000","1,120,000,000","1,027,000,000","975,000,000","1,043,000,000","1,156,000,000","1,126,000,000","1,171,000,000","1,296,000,000","1,400,000,000","1,308,000,000","1,229,000,000","1,284,000,000","1,278,000,000","2,551,000,000","1,455,000,000",,,,,,"1,262,000,000","1,144,000,000","1,544,000,000","980,000,000","858,000,000","923,000,000","958,000,000","1,162,000,000","1,206,000,000","1,125,000,000","1,116,000,000",,,,"1,046,000,000",,"925,000,000",,"817,000,000",,,,,,,,,,,,,,,,,,,
			WorkInProcess,"759,000,000","767,000,000","761,000,000","765,000,000","684,000,000","690,000,000","714,000,000","653,000,000","737,000,000","648,000,000",,,,,,,,,,,,,,,,,"1,092,000,000","1,269,000,000","409,000,000",,,,,,"1,537,602,327.349",,,,,,,,,,,,,,,,,,,,,,,,,,,,,,,,,,,,,,
			FinishedGoods,"2,567,000,000","2,604,000,000","2,935,000,000","2,948,000,000","3,231,000,000","2,797,000,000","2,387,000,000","2,416,000,000","2,218,000,000","2,219,000,000","3,055,000,000","2,870,000,000","2,808,000,000","2,572,000,000","3,074,000,000","3,084,000,000","2,774,000,000","2,553,000,000","2,765,000,000","3,273,000,000","2,938,000,000","3,330,000,000","3,530,000,000","3,586,000,000","3,446,000,000","2,896,000,000","2,185,000,000","2,473,000,000","2,432,000,000","3,586,000,000","5,144,000,000",,"5,533,000,000","5,251,000,000","2,559,351,776.408","4,011,000,000","3,666,000,000","2,754,000,000","3,283,000,000","2,948,000,000","2,481,000,000","2,238,000,000","2,559,000,000","2,829,000,000","2,627,000,000","2,780,000,000","4,453,000,000","4,347,000,000",,"2,813,000,000","2,563,000,000","2,402,000,000","2,326,000,000","2,676,000,000","626,000,000","679,000,000","626,000,000","649,000,000",,"513,000,000","449,000,000","521,000,000",,"333,000,000","263,000,000","268,000,000","276,000,000",,"158,000,000","164,000,000","135,000,000","156,000,000","178,000,000"
			OtherInventories,,,,,,,,,,,,,,,,,,,,,,,,,,,,,,"11,000,000",,,,,"1,362,225,965.035",,,,,,,,,,,,,,,,"987,000,000",,"851,000,000",,"710,000,000","643,000,000","687,000,000","736,000,000",,"520,000,000","418,000,000","569,000,000",,"276,000,000","239,000,000","237,000,000","229,000,000",,"124,000,000","128,000,000","108,000,000","159,000,000","144,000,000"
			InventoriesAdjustmentsAllowances,,,,,,,,,,,,,"-162,000,000","-199,000,000","-301,000,000","-338,000,000",,,,,,,,,,,,,,,,,,,,,,,,,,,,,,,,,,,,,,,,,,,,,,,,,,,,,,,,,
		PrepaidAssets,"176,000,000","370,000,000","559,000,000","508,000,000","567,000,000","543,000,000","645,000,000","657,000,000","722,000,000","781,000,000","333,000,000","217,000,000","73,000,000","159,000,000",,,"625,000,000","900,000,000","904,000,000","1,147,000,000","1,284,000,000","1,677,000,000","1,270,000,000","1,244,000,000","1,720,000,000","2,500,000,000","828,000,000","1,151,000,000","350,000,000","256,000,000","240,000,000",,"374,000,000","393,000,000","631,607,872.302","487,000,000","386,000,000","188,000,000","321,000,000","328,000,000","471,000,000","498,000,000","549,000,000","423,000,000",,,,,,,,,,,,,,,,,,,,,,,,,,,,,
		RestrictedCash,,,,,"111,000,000",,,,,,,,,,,,,,,,,,,,,,,,,,,,,,,,,,,,,,,,,,,,,,,,,,,,,,,,,,,,,,,,,,,,
		CurrentDeferredAssets,,,,,,,,,,,,,,,,,,,,,,,,,,,,,,"356,000,000","279,000,000",,"436,000,000","203,000,000",,"249,000,000","300,000,000","386,000,000","665,000,000","533,000,000","1,152,000,000","852,000,000","493,000,000","587,000,000","597,000,000","583,000,000","867,000,000","437,000,000","824,000,000","603,000,000","827,000,000","588,000,000","439,000,000","410,000,000","358,000,000","237,000,000","273,000,000","183,000,000","255,000,000","215,000,000","231,000,000","161,000,000",,"66,000,000","144,000,000","91,000,000","121,000,000",,"171,000,000","211,000,000","378,000,000","290,000,000","294,000,000"
			CurrentDeferredTaxesAssets,,,,,,,,,,,,,,,,,,,,,,,,,,,,,,"356,000,000","279,000,000",,"436,000,000","203,000,000",,"249,000,000","300,000,000","386,000,000","665,000,000","533,000,000","1,152,000,000","852,000,000","493,000,000","587,000,000","597,000,000",,"867,000,000","437,000,000","824,000,000","603,000,000","827,000,000","588,000,000","439,000,000","410,000,000","358,000,000","237,000,000","273,000,000","183,000,000","255,000,000","215,000,000","231,000,000","161,000,000",,"66,000,000","144,000,000","91,000,000","121,000,000",,"171,000,000","211,000,000","378,000,000","290,000,000","294,000,000"
		AssetsHeldForSaleCurrent,"152,000,000","152,000,000",,,,"0","0","0","460,000,000","3,587,000,000","4,325,000,000","4,430,000,000","4,519,000,000","8,589,000,000","4,789,000,000","4,658,000,000","4,091,000,000","4,044,000,000","3,888,000,000","3,607,000,000","3,380,000,000","3,640,000,000","610,000,000","759,000,000","665,000,000","3,766,000,000","3,137,000,000","0","457,000,000","479,000,000","789,000,000",,,"0","62,037,852.233","215,000,000","210,000,000","6,987,000,000","6,637,000,000","6,124,000,000",,,,,,,,,,,,,,,,,,,,,,,,,,,,,,,,,
		HedgingAssetsCurrent,"85,000,000","288,000,000","125,000,000",,"43,000,000","39,000,000","73,000,000","127,000,000","74,000,000","106,000,000","136,000,000","159,000,000","206,000,000","274,000,000","141,000,000","136,000,000","141,000,000","121,000,000","158,000,000","244,000,000","189,000,000","166,000,000","144,000,000","229,000,000","186,000,000","201,000,000","221,000,000","222,000,000","256,000,000","281,000,000","281,000,000",,"584,000,000","595,000,000","851,166,682.16","793,000,000","103,000,000","52,000,000","23,000,000","21,000,000","177,000,000","105,000,000",,,,,,,,,,,,,,,,,,,,,,,,,,,,,,,
		OtherCurrentAssets,"410,000,000","382,000,000","482,000,000","565,000,000","483,000,000","556,000,000","518,000,000","590,000,000","602,000,000","538,000,000","337,000,000","427,000,000","486,000,000","557,000,000","651,000,000","708,000,000","582,000,000","311,000,000","746,000,000","642,000,000","740,000,000","574,000,000","604,000,000","737,000,000","833,000,000","918,000,000","1,034,000,000","1,026,000,000","988,000,000","956,000,000","1,234,000,000",,"1,084,000,000","946,000,000","1,247,373,256.265","834,000,000","857,000,000","593,000,000","829,000,000","845,000,000","921,000,000","865,000,000","708,000,000","639,000,000","992,000,000","870,000,000","2,304,000,000","653,000,000","621,000,000","697,000,000","662,000,000","442,000,000","556,000,000","417,000,000","433,000,000","512,000,000","421,000,000","865,000,000","790,000,000","692,000,000","590,000,000","609,000,000",,"432,000,000","454,000,000","475,000,000","431,000,000",,"327,000,000","335,000,000","265,000,000","284,000,000","328,000,000"
	TotalNonCurrentAssets,"64,638,000,000","74,671,000,000","75,410,000,000","79,818,000,000","79,075,000,000","72,898,000,000","70,355,000,000","72,619,000,000","79,145,000,000","80,230,000,000","82,203,000,000","78,443,000,000","80,587,000,000","76,447,000,000","82,580,000,000","82,696,000,000","78,047,000,000","73,019,000,000","81,324,000,000","89,281,000,000","86,847,000,000","96,255,000,000","101,580,000,000","106,175,000,000","104,646,000,000","100,220,000,000","106,531,000,000","105,480,000,000","110,278,000,000","108,581,000,000","111,138,000,000","108,769,000,000","111,705,000,000","106,992,000,000","103,175,093,646.271","111,540,000,000","106,317,000,000","97,348,000,000","93,806,000,000","85,764,000,000","81,528,000,000","80,985,000,000","77,609,000,000","68,528,000,000","59,697,000,000","56,693,000,000","62,546,000,000","72,141,000,000","66,049,000,000","65,337,000,000","61,264,000,000","57,514,000,000","52,356,000,000","48,014,000,000","23,969,000,000","23,169,000,000","22,114,000,000","17,558,000,000","17,097,000,000","14,933,000,000","12,451,000,000","11,879,000,000","10,474,000,000","9,365,000,000","9,223,000,000","8,960,000,000","8,361,000,000","7,301,000,000","5,892,000,000","5,366,000,000","4,599,000,000","6,192,000,000","6,920,000,000"
		NetPPE,"39,172,000,000","46,576,000,000","48,869,000,000","50,637,000,000","49,903,000,000","48,385,000,000","47,433,000,000","48,710,000,000","54,149,000,000","54,878,000,000","56,280,000,000","54,659,000,000","56,273,000,000","55,419,000,000","61,127,000,000","60,959,000,000","57,925,000,000","54,102,000,000","61,853,000,000","71,277,000,000","69,708,000,000","78,122,000,000","81,366,000,000","85,509,000,000","83,762,000,000","81,665,000,000","85,057,000,000","83,537,000,000","86,620,000,000","90,744,000,000","92,095,000,000","99,331,000,000","92,531,000,000","88,895,000,000","80,986,251,907.103","91,677,000,000","86,498,000,000","83,096,000,000","78,697,000,000","72,616,000,000","68,090,000,000","67,637,000,000","65,532,000,000","59,296,000,000","51,774,000,000","49,329,000,000","52,864,000,000","59,982,000,000","55,379,000,000","54,625,000,000","50,806,000,000","47,698,000,000","41,165,000,000","38,007,000,000","19,427,000,000","18,786,000,000","17,949,000,000","14,453,000,000","13,375,000,000","11,514,000,000","9,541,000,000","9,339,000,000","8,780,000,000","6,872,000,000","6,727,000,000","6,484,000,000","5,888,000,000","5,574,000,000","3,646,000,000","3,297,000,000","2,849,000,000","3,846,000,000","3,857,000,000"
			GrossPPE,"72,846,000,000","83,496,000,000","82,946,000,000","85,097,000,000","83,196,000,000","80,738,000,000","79,626,000,000","78,658,000,000","86,649,000,000","87,064,000,000","88,396,000,000","84,944,000,000","86,173,000,000","84,265,000,000","90,617,000,000","89,881,000,000","84,618,000,000","78,652,000,000","82,528,000,000","94,173,000,000","91,177,000,000","100,612,000,000","104,041,000,000","108,913,000,000","105,756,000,000","102,750,000,000","106,182,000,000","104,193,000,000","107,699,000,000","114,001,000,000",,,,"109,972,000,000","100,081,914,375.865",,,"101,489,000,000",,"89,012,000,000",,"83,416,000,000",,,,"59,667,000,000","63,363,000,000","70,481,000,000","61,936,000,000","65,124,000,000","57,363,000,000","54,255,000,000","47,722,000,000","44,564,000,000","25,928,000,000","25,287,000,000","24,450,000,000","20,954,000,000","18,592,000,000","16,731,000,000","14,758,000,000","14,556,000,000","11,602,000,000","9,694,000,000","9,549,000,000","9,306,000,000","7,684,000,000","7,370,000,000","5,442,000,000","5,093,000,000","5,457,000,000","6,454,000,000","6,465,000,000"
				LandAndImprovements,"600,000,000","715,000,000","638,000,000","621,000,000","613,000,000","635,000,000","628,000,000","645,000,000","718,000,000","718,000,000","761,000,000","733,000,000","755,000,000","724,000,000","906,000,000","891,000,000","821,000,000","766,000,000","776,000,000","999,000,000","923,000,000","1,069,000,000","1,088,000,000","1,163,000,000","1,103,000,000","945,000,000","905,000,000","916,000,000","866,000,000","7,180,000,000",,,,"695,000,000","492,811,794.235",,,"356,000,000",,"288,000,000",,"284,000,000",,,,"182,000,000",,,,"110,000,000",,,,"2,530,000,000",,,,,,,,,,,,"749,000,000",,,,"489,000,000",,,
				BuildingsAndImprovements,"15,647,000,000","18,255,000,000","17,909,000,000","18,627,000,000","18,338,000,000","18,267,000,000","17,809,000,000","17,816,000,000","18,947,000,000","19,163,000,000","19,195,000,000","17,968,000,000","17,746,000,000","16,678,000,000","16,588,000,000","16,082,000,000","14,754,000,000","13,707,000,000","13,384,000,000","14,663,000,000","13,766,000,000","14,144,000,000","11,088,000,000","10,796,000,000","10,422,000,000","9,916,000,000","8,819,000,000","8,163,000,000","8,135,000,000","8,075,000,000",,,,"7,912,000,000","6,758,955,864.581",,,"6,087,000,000",,"4,989,000,000",,"4,324,000,000",,,,"3,742,000,000",,,,"4,086,000,000",,,,,,,,"1,254,000,000",,,,"1,300,000,000",,,,,,,,,,,
				MachineryFurnitureEquipment,"25,089,000,000","28,926,000,000","29,389,000,000","30,484,000,000","30,038,000,000","30,035,000,000","29,491,000,000","29,730,000,000","31,358,000,000","31,132,000,000","31,351,000,000","29,554,000,000","29,837,000,000","27,617,000,000","29,384,000,000","29,063,000,000","27,198,000,000","25,382,000,000","25,889,000,000","29,596,000,000","28,348,000,000","30,130,000,000","17,504,000,000","18,405,000,000","18,203,000,000","16,338,000,000","17,835,000,000","16,448,000,000","17,552,000,000","27,388,000,000",,,,"48,565,000,000","16,265,944,473.913",,,"33,189,000,000",,"38,662,000,000",,"28,247,000,000",,,,"21,211,000,000",,,,"22,496,000,000",,,,"15,016,000,000",,,,"6,557,000,000",,,,"4,373,000,000",,,,"5,090,000,000",,,,"3,105,000,000",,,
				OtherProperties,"11,442,000,000","13,396,000,000","13,479,000,000","14,201,000,000","13,653,000,000","11,697,000,000","11,602,000,000","10,961,000,000","12,503,000,000","12,461,000,000","12,841,000,000","12,139,000,000","12,310,000,000","11,319,000,000","10,544,000,000","10,450,000,000","11,290,000,000","10,617,000,000","12,542,000,000","14,549,000,000","13,851,000,000","14,888,000,000","28,645,000,000","29,043,000,000","28,297,000,000","27,149,000,000","26,172,000,000","26,468,000,000","27,435,000,000","14,530,000,000",,,,,"26,799,764,858.997",,,"12,088,000,000",,,,"10,418,000,000",,,,"4,974,000,000",,,,"7,146,000,000",,,,"2,753,000,000",,,,"8,386,000,000",,,,"6,080,000,000",,,,"1,569,000,000",,,,"569,000,000",,,
				ConstructionInProgress,"3,794,000,000","4,378,000,000","4,082,000,000","3,641,000,000","3,405,000,000","3,387,000,000","3,476,000,000","3,640,000,000","5,748,000,000","6,119,000,000","7,022,000,000","7,821,000,000","8,722,000,000","11,861,000,000","14,087,000,000","14,519,000,000","12,284,000,000","11,126,000,000","13,019,000,000","15,275,000,000","16,001,000,000","19,416,000,000","25,461,000,000","27,354,000,000","26,237,000,000","26,799,000,000","30,288,000,000","30,427,000,000","31,315,000,000","29,050,000,000",,,,"25,845,000,000","27,796,163,920.621",,,"21,759,000,000",,"15,998,000,000",,"19,938,000,000",,,,"13,582,000,000",,,,"12,016,000,000",,,,"11,562,000,000",,,,"4,757,000,000",,,,"2,803,000,000",,,,"1,898,000,000",,,,"930,000,000",,,
			AccumulatedDepreciation,"-33,674,000,000","-36,920,000,000","-34,077,000,000","-34,460,000,000","-33,293,000,000","-32,353,000,000","-32,193,000,000","-29,948,000,000","-32,500,000,000","-32,186,000,000","-32,116,000,000","-30,285,000,000","-29,900,000,000","-28,846,000,000","-29,490,000,000","-28,922,000,000","-26,693,000,000","-24,550,000,000","-20,675,000,000","-22,896,000,000","-21,469,000,000","-22,490,000,000","-22,675,000,000","-23,404,000,000","-21,994,000,000","-21,085,000,000","-21,125,000,000","-20,656,000,000","-21,079,000,000","-23,257,000,000",,,,"-21,077,000,000","-19,095,662,468.762",,,"-18,393,000,000",,"-16,396,000,000",,"-15,779,000,000",,,,"-10,338,000,000","-10,499,000,000","-10,499,000,000","-6,557,000,000","-10,499,000,000","-6,557,000,000","-6,557,000,000","-6,557,000,000","-6,557,000,000","-6,501,000,000","-6,501,000,000","-6,501,000,000","-6,501,000,000","-5,217,000,000","-5,217,000,000","-5,217,000,000","-5,217,000,000","-2,822,000,000","-2,822,000,000","-2,822,000,000","-2,822,000,000","-1,796,000,000","-1,796,000,000","-1,796,000,000","-1,796,000,000","-2,608,000,000","-2,608,000,000","-2,608,000,000"
		GoodwillAndOtherIntangibleAssets,"6,896,000,000","8,499,000,000","8,308,000,000","8,642,000,000","8,540,000,000","7,962,000,000","7,790,000,000","7,989,000,000","8,592,000,000","8,493,000,000","8,651,000,000","7,211,000,000","7,306,000,000","6,871,000,000","6,959,000,000","6,913,000,000","6,018,000,000","5,324,000,000","5,513,000,000","6,340,000,000","6,026,000,000","6,820,000,000","6,902,000,000","7,213,000,000","7,094,000,000","6,871,000,000","7,132,000,000","8,691,000,000","9,308,000,000","3,969,000,000","4,016,000,000",,"4,221,000,000","4,161,000,000","10,255,772,711.613","4,714,000,000","4,668,000,000","4,591,000,000","4,444,000,000","4,150,000,000","3,498,000,000","3,486,000,000","2,396,000,000","2,095,000,000","1,888,000,000","1,898,000,000","5,885,000,000","3,702,000,000","3,594,000,000","3,791,000,000","3,314,000,000","3,304,000,000","4,881,000,000","4,484,000,000","594,000,000","593,000,000","591,000,000",,"577,000,000","546,000,000",,,,"419,000,000","448,000,000","451,000,000","480,000,000",,"434,000,000","412,000,000","373,000,000","516,000,000","539,000,000"
			Goodwill,"3,125,000,000","3,629,000,000","3,572,000,000","3,740,000,000","3,675,000,000","3,653,000,000","3,684,000,000","3,747,000,000","4,052,000,000","4,110,000,000","4,212,000,000","3,122,000,000","3,131,000,000","3,081,000,000","3,191,000,000","3,219,000,000","3,095,000,000","2,956,000,000","3,154,000,000","3,464,000,000","3,394,000,000","3,760,000,000","3,955,000,000","4,285,000,000","4,176,000,000","4,140,000,000","4,315,000,000","4,296,000,000","4,600,000,000","2,947,000,000","2,973,000,000",,"3,082,000,000","3,026,000,000","4,860,269,373.158","3,370,000,000","3,371,000,000","3,317,000,000","3,249,000,000","3,017,000,000","2,343,000,000","2,313,000,000","2,396,000,000","2,095,000,000","1,888,000,000","1,898,000,000","5,885,000,000","3,702,000,000","3,594,000,000","3,791,000,000","3,314,000,000","3,304,000,000","4,881,000,000","4,484,000,000","594,000,000","593,000,000","591,000,000",,,,,,,,,,,,,,,,
			OtherIntangibleAssets,"3,771,000,000","4,870,000,000","4,736,000,000","4,902,000,000","4,865,000,000","4,309,000,000","4,106,000,000","4,242,000,000","4,540,000,000","4,383,000,000","4,439,000,000","4,089,000,000","4,175,000,000","3,790,000,000","3,768,000,000","3,694,000,000","2,923,000,000","2,368,000,000","2,359,000,000","2,876,000,000","2,632,000,000","3,060,000,000","2,947,000,000","2,928,000,000","2,918,000,000","2,731,000,000","2,817,000,000","4,395,000,000","4,708,000,000","1,022,000,000","1,043,000,000",,"1,139,000,000","1,135,000,000","5,395,503,338.455","1,344,000,000","1,297,000,000","1,274,000,000","1,195,000,000","1,133,000,000","1,155,000,000","1,173,000,000",,,,,,,,,,,,,,,,,"577,000,000","546,000,000",,,,"419,000,000","448,000,000","451,000,000","480,000,000",,"434,000,000","412,000,000","373,000,000","516,000,000","539,000,000"
		InvestmentsAndAdvances,"2,544,000,000","3,524,000,000","5,893,000,000","6,233,000,000","4,205,000,000","4,212,000,000","4,256,000,000","4,183,000,000","4,552,000,000","3,568,000,000","3,855,000,000","3,605,000,000","3,883,000,000","3,696,000,000","3,976,000,000","3,963,000,000","3,397,000,000","2,940,000,000","3,101,000,000","4,208,000,000","3,812,000,000","4,133,000,000","4,659,000,000","5,108,000,000","5,315,000,000","3,584,000,000","5,839,000,000","5,561,000,000","6,402,000,000","6,492,000,000","8,305,000,000",,"8,767,000,000","8,093,000,000","5,911,491,286.112","8,552,000,000","8,326,000,000","4,497,000,000","4,911,000,000","4,444,000,000","4,516,000,000","5,450,000,000","4,583,000,000","2,968,000,000","2,734,000,000","2,408,000,000",,,,"2,922,000,000",,,,"2,353,000,000",,,,,,,,,,,,,,,,,,,
			LongTermEquityInvestment,"2,174,000,000","2,798,000,000","2,998,000,000","3,115,000,000","3,272,000,000","3,225,000,000","3,146,000,000","3,226,000,000","3,722,000,000","3,568,000,000","3,855,000,000","3,605,000,000","3,883,000,000","3,696,000,000","3,976,000,000","3,963,000,000","3,397,000,000","2,940,000,000","3,101,000,000","4,208,000,000","3,812,000,000","4,133,000,000","4,659,000,000","5,108,000,000","5,315,000,000","3,584,000,000","3,962,000,000","3,775,000,000","6,402,000,000","6,492,000,000","8,305,000,000",,"8,767,000,000","8,093,000,000","5,911,491,286.112","8,552,000,000","8,326,000,000","4,497,000,000","4,911,000,000","4,444,000,000","4,516,000,000","4,585,000,000","4,583,000,000","2,968,000,000","2,734,000,000","2,408,000,000",,,,"2,922,000,000",,,,"2,353,000,000",,,,,,,,,,,,,,,,,,,
				InvestmentsinAssociatesatCost,,,,,,,,,,,,,,,,,,,,,,,,,,,,,,,,,,,,,,,,"4,444,000,000","4,516,000,000",,"4,583,000,000","2,968,000,000","2,734,000,000",,,,,,,,,,,,,,,,,,,,,,,,,,,,
			InvestmentinFinancialAssets,"370,000,000","726,000,000","2,895,000,000","3,118,000,000","933,000,000","987,000,000","1,110,000,000","957,000,000","830,000,000","0","0","0","0","0",,,,,,,,,,,,,"1,877,000,000","1,786,000,000",,,,,,,,,,,,,,,,,,,,,,,,,,,,,,,,,,,,,,,,,,,,,
				AvailableForSaleSecurities,"370,000,000","726,000,000","2,895,000,000","3,118,000,000","933,000,000","987,000,000","1,110,000,000","957,000,000","830,000,000","3,232,000,000",,,,,,,,,,,,,,,,,"1,877,000,000","1,786,000,000",,,,,,,,,,,,,,,,,,,,,,,,,,,,,,,,,,,,,,,,,,,,,
			OtherInvestments,,,,,,,,,,,,,,,,,,,,,,,,,,,,,,,,,,,,,,,,,,"865,000,000",,,,,,,,,,,,,,,,,,,,,,,,,,,,,,,
		FinancialAssets,"60,000,000","184,000,000",,,"423,000,000","392,000,000","347,000,000","354,000,000","487,000,000","453,000,000","438,000,000","495,000,000","520,000,000","446,000,000","504,000,000","497,000,000","170,000,000","93,000,000","133,000,000","25,000,000","34,000,000","87,000,000","116,000,000","198,000,000","169,000,000","140,000,000","148,000,000","100,000,000","118,000,000","45,000,000","15,000,000",,"29,000,000","60,000,000","56,758,116.466","190,000,000","468,000,000","301,000,000","1,066,000,000","638,000,000","737,000,000",,"729,000,000","246,000,000","66,000,000","32,000,000",,,,"673,000,000",,,,,,,,,,,,,,,,,,,,,,,
		NonCurrentAccountsReceivable,"538,000,000","607,000,000","514,000,000","511,000,000","560,000,000","751,000,000","543,000,000","564,000,000","667,000,000","638,000,000","651,000,000","733,000,000","767,000,000","727,000,000","1,249,000,000","1,135,000,000","544,000,000","502,000,000","550,000,000","690,000,000","912,000,000","914,000,000","1,006,000,000","884,000,000","818,000,000","777,000,000","1,116,000,000","817,000,000","1,056,000,000","658,000,000","685,000,000",,"619,000,000","587,000,000","823,199,667.522","865,000,000","845,000,000",,"232,000,000","485,000,000","818,000,000","817,000,000","488,000,000","610,000,000","516,000,000","394,000,000",,,,"202,000,000",,,,"305,000,000",,,,,,,,,,,,,,,,,,,
		NonCurrentNoteReceivables,"1,669,000,000","1,687,000,000",,,"1,752,000,000","1,765,000,000","1,760,000,000","1,731,000,000","1,730,000,000","2,779,000,000","2,824,000,000","2,839,000,000","2,859,000,000","182,000,000","182,000,000","179,000,000","194,000,000","188,000,000","194,000,000","220,000,000","217,000,000","229,000,000","246,000,000","237,000,000","261,000,000","241,000,000","269,000,000","244,000,000","257,000,000","654,000,000","719,000,000",,"718,000,000","719,000,000","292,447,599.101","344,000,000","343,000,000","194,000,000","153,000,000","134,000,000","211,000,000","194,000,000","173,000,000","121,000,000","99,000,000","77,000,000",,,,"127,000,000",,,,,,,,,,,,,,,,,,,,,,,
		DuefromRelatedPartiesNonCurrent,,,,,,,,,,,,,,,"19,000,000","3,000,000","0","1,000,000","23,000,000","21,000,000","23,000,000","35,000,000","186,000,000","105,000,000","115,000,000","108,000,000","242,000,000","251,000,000","406,000,000",,,,,,"8,591,396.027",,,,,"11,000,000",,,,,,,,,,"3,000,000",,,,,,,,,,,,,,,,,,,,,,,
		NonCurrentDeferredAssets,"10,060,000,000","9,217,000,000","7,786,000,000","7,698,000,000","7,711,000,000","6,908,000,000","5,713,000,000","6,535,000,000","6,106,000,000","6,638,000,000","6,651,000,000","7,095,000,000","7,127,000,000","7,343,000,000","6,849,000,000","7,289,000,000","7,675,000,000","7,904,000,000","7,982,000,000","4,300,000,000","4,374,000,000","3,976,000,000","4,305,000,000","4,390,000,000","4,690,000,000","4,523,000,000","4,692,000,000","4,246,000,000","4,250,000,000","2,886,000,000","893,000,000",,"579,000,000","594,000,000","2,086,528,061.071","511,000,000","428,000,000",,,,,,,,,,"123,000,000",,,,,,,,,,,"446,000,000",,"33,000,000","87,000,000","398,000,000",,"369,000,000","205,000,000","234,000,000","266,000,000",,"366,000,000","358,000,000","261,000,000",,
			NonCurrentDeferredTaxesAssets,"10,060,000,000","9,217,000,000","7,786,000,000","7,698,000,000","7,711,000,000","6,908,000,000","5,713,000,000","6,535,000,000","6,106,000,000","6,638,000,000","6,651,000,000","7,095,000,000","7,127,000,000","7,343,000,000","6,849,000,000","7,289,000,000","7,675,000,000","7,904,000,000","7,982,000,000","4,300,000,000","4,374,000,000","3,976,000,000","4,305,000,000","4,390,000,000","4,690,000,000","4,523,000,000","4,692,000,000","4,246,000,000","4,250,000,000","2,886,000,000","893,000,000",,"579,000,000","594,000,000","2,086,528,061.071","511,000,000","428,000,000",,,,,,,,,,"123,000,000",,,,,,,,,,,"446,000,000",,"33,000,000","87,000,000","398,000,000",,"369,000,000","205,000,000","234,000,000","266,000,000",,"366,000,000","358,000,000","261,000,000",,
		NonCurrentPrepaidAssets,"557,000,000","597,000,000","591,000,000","695,000,000","560,000,000","544,000,000","561,000,000","505,000,000","587,000,000","530,000,000","539,000,000","548,000,000","538,000,000","527,000,000",,,"517,000,000","471,000,000","417,000,000","422,000,000",,"68,000,000","65,000,000","214,000,000","197,000,000","191,000,000","221,000,000","196,000,000","354,000,000","1,004,000,000","2,574,000,000",,"2,176,000,000","1,987,000,000","152,245,049.735","2,268,000,000","2,435,000,000","2,184,000,000","2,172,000,000","1,694,000,000","2,244,000,000","2,081,000,000","1,998,000,000","1,723,000,000","1,284,000,000","1,253,000,000",,,,"1,783,000,000",,,,"1,780,000,000",,,,,,,,,,,,,,,,,,,
		OtherNonCurrentAssets,"3,142,000,000","3,780,000,000","3,449,000,000","5,402,000,000","5,421,000,000","1,979,000,000","1,952,000,000","2,048,000,000","2,275,000,000","2,253,000,000","2,314,000,000","1,258,000,000","1,314,000,000","1,236,000,000","1,734,000,000","1,761,000,000","1,607,000,000","1,495,000,000","1,581,000,000","1,799,000,000","1,764,000,000","1,906,000,000","2,915,000,000","2,422,000,000","2,340,000,000","2,228,000,000","2,057,000,000","2,088,000,000","1,913,000,000","2,129,000,000","1,836,000,000","9,438,000,000","2,065,000,000","1,896,000,000","2,610,399,247.549","2,419,000,000","2,306,000,000","2,485,000,000","2,131,000,000","1,603,000,000","1,414,000,000","1,320,000,000","1,710,000,000","1,469,000,000","1,336,000,000","1,302,000,000","3,674,000,000","8,457,000,000","7,076,000,000","1,214,000,000","7,144,000,000","6,512,000,000","6,310,000,000","1,085,000,000","3,948,000,000","3,790,000,000","3,574,000,000","2,659,000,000","3,145,000,000","2,840,000,000","2,823,000,000","2,142,000,000","1,694,000,000","1,705,000,000","1,843,000,000","1,791,000,000","1,727,000,000","1,727,000,000","1,446,000,000","1,299,000,000","1,116,000,000","1,830,000,000","2,524,000,000"
TotalLiabilitiesNetMinorityInterest,"51,325,000,000","52,720,000,000","51,215,000,000","52,408,000,000","50,957,000,000","43,358,000,000","43,845,000,000","45,199,000,000","48,577,000,000","54,412,000,000","55,610,000,000","56,404,000,000","59,437,000,000","57,990,000,000","60,256,000,000","59,487,000,000","56,500,000,000","52,788,000,000","54,524,000,000","57,477,000,000","56,233,000,000","60,168,000,000","59,463,000,000","60,399,000,000","59,738,000,000","59,661,000,000","55,676,000,000","54,826,000,000","55,618,000,000","55,602,000,000","52,370,000,000","47,649,000,000","49,688,000,000","48,614,000,000","50,516,838,829.982","54,714,000,000","53,633,000,000","56,698,000,000","52,482,000,000","46,383,000,000","42,598,000,000","41,782,000,000","40,748,000,000","36,054,000,000","35,190,000,000","34,884,000,000","38,523,000,000","41,257,000,000","41,239,000,000","40,886,000,000","36,787,000,000","36,872,000,000","39,931,000,000","38,470,000,000","11,479,000,000","11,242,000,000","10,282,000,000","11,381,000,000","8,454,000,000","8,249,000,000","7,513,000,000","8,764,000,000","8,240,000,000","6,722,000,000","6,709,000,000","6,221,000,000","6,566,000,000","5,221,000,000","4,905,000,000","4,641,000,000","4,877,000,000","5,248,000,000","5,698,000,000"
	CurrentLiabilities,"11,578,000,000","13,845,000,000","13,430,000,000","12,834,000,000","12,467,000,000","9,111,000,000","9,170,000,000","9,186,000,000","9,990,000,000","13,114,000,000","10,717,000,000","10,582,000,000","11,825,000,000","11,232,000,000","10,847,000,000","11,546,000,000","11,399,000,000","10,545,000,000","10,226,000,000","10,359,000,000","10,026,000,000","10,737,000,000","10,395,000,000","9,528,000,000","8,962,000,000","9,612,000,000","11,952,000,000","11,109,000,000","11,393,000,000","12,585,000,000","10,345,000,000","9,220,000,000","10,892,000,000","11,043,000,000","12,836,208,980.199","15,607,000,000","12,657,000,000","17,912,000,000","15,017,000,000","12,213,000,000","10,090,000,000","9,181,000,000","8,743,000,000","5,788,000,000","6,924,000,000","7,237,000,000","9,027,000,000","8,595,000,000","9,639,000,000","10,083,000,000","6,514,000,000","6,190,000,000","7,582,000,000","7,312,000,000","3,854,000,000","3,652,000,000","2,831,000,000","4,993,000,000","2,964,000,000","3,002,000,000","2,391,000,000","3,512,000,000","2,600,000,000","1,980,000,000","2,147,000,000","2,253,000,000","2,602,000,000","2,044,000,000","1,638,000,000","1,508,000,000","1,602,000,000","1,915,000,000","2,364,000,000"
		PayablesAndAccruedExpenses,"5,401,000,000","7,137,000,000","6,181,000,000","5,371,000,000","4,713,000,000","4,451,000,000","4,961,000,000","4,500,000,000","4,670,000,000","6,505,000,000","5,044,000,000","4,682,000,000","5,439,000,000","5,377,000,000","5,307,000,000","5,377,000,000","4,172,000,000","4,335,000,000","4,528,000,000","5,160,000,000","4,814,000,000","6,524,000,000","6,346,000,000","5,871,000,000","5,217,000,000","5,955,000,000","5,486,000,000","5,387,000,000","5,218,000,000","6,399,000,000","5,283,000,000",,"6,252,000,000","6,585,000,000","6,789,658,170.603","6,870,000,000","8,368,000,000","8,727,000,000","4,819,000,000","3,820,000,000","4,245,000,000","4,182,000,000","3,793,000,000","3,580,000,000","4,415,000,000","4,784,000,000","2,990,000,000","2,758,000,000","2,442,000,000","5,435,000,000","2,200,000,000","2,047,000,000","2,474,000,000","3,995,000,000","908,000,000","895,000,000","789,000,000","1,149,000,000","966,000,000","971,000,000","732,000,000","743,000,000",,"364,000,000","441,000,000","482,000,000","418,000,000",,"292,000,000","325,000,000","213,000,000","281,000,000","287,000,000"
			Payables,"4,183,000,000","5,566,000,000","6,181,000,000","5,371,000,000","4,713,000,000","4,451,000,000","4,961,000,000","4,500,000,000","4,670,000,000","6,505,000,000","5,044,000,000","4,682,000,000","5,439,000,000","5,377,000,000","4,714,000,000","4,884,000,000","3,759,000,000","3,960,000,000","4,073,000,000","4,634,000,000","4,288,000,000","5,361,000,000","5,157,000,000","4,844,000,000","4,417,000,000","4,569,000,000","4,289,000,000","4,408,000,000","4,367,000,000","4,918,000,000","5,283,000,000",,"6,252,000,000","6,585,000,000","6,789,658,170.603","6,870,000,000","8,368,000,000","8,727,000,000","4,819,000,000","3,820,000,000","4,245,000,000","4,182,000,000","3,793,000,000","3,580,000,000","4,415,000,000","4,784,000,000","2,990,000,000","2,758,000,000","2,442,000,000","5,435,000,000","2,200,000,000","2,047,000,000","2,474,000,000","3,995,000,000","908,000,000","895,000,000","789,000,000","1,149,000,000","966,000,000","971,000,000","732,000,000","743,000,000",,"364,000,000","441,000,000","482,000,000","418,000,000",,"292,000,000","325,000,000","213,000,000","281,000,000","287,000,000"
				AccountsPayable,"3,009,000,000","4,107,000,000","4,251,000,000","3,907,000,000","3,331,000,000","3,512,000,000","4,038,000,000","3,587,000,000","3,598,000,000","4,041,000,000","4,013,000,000","3,746,000,000","3,647,000,000","3,630,000,000","3,751,000,000","3,891,000,000","3,147,000,000","3,365,000,000","3,482,000,000","3,832,000,000","3,429,000,000","4,354,000,000","4,067,000,000","3,727,000,000","3,473,000,000","3,772,000,000","3,980,000,000","4,143,000,000","4,095,000,000","4,529,000,000","4,556,000,000",,"4,646,000,000","4,814,000,000","4,775,003,964.587","4,652,000,000","4,137,000,000","3,558,000,000","3,789,000,000","2,950,000,000","2,432,000,000","2,309,000,000","2,211,000,000","2,142,000,000","1,829,000,000","2,261,000,000","2,990,000,000","2,758,000,000","2,442,000,000","2,430,000,000","2,200,000,000","2,047,000,000","2,474,000,000","2,382,000,000","908,000,000","895,000,000","789,000,000","1,149,000,000","966,000,000","971,000,000","732,000,000","743,000,000",,"364,000,000","441,000,000","482,000,000","418,000,000",,"292,000,000","325,000,000","213,000,000","281,000,000","287,000,000"
				TotalTaxPayable,"721,000,000","943,000,000","1,480,000,000","1,052,000,000","1,102,000,000","650,000,000","631,000,000","640,000,000","703,000,000","697,000,000","730,000,000","641,000,000","687,000,000","657,000,000","634,000,000","704,000,000","612,000,000","595,000,000","591,000,000","802,000,000","859,000,000","1,007,000,000","1,090,000,000","1,117,000,000","944,000,000","797,000,000","309,000,000","265,000,000","272,000,000","324,000,000","662,000,000",,"345,000,000","524,000,000","195,447,560.822","107,000,000","267,000,000","257,000,000","285,000,000","124,000,000","90,000,000","124,000,000","108,000,000","115,000,000","86,000,000","55,000,000",,,,"322,000,000",,,,"119,000,000",,,,,,,,,,,,,,,,,,,
					IncomeTaxPayable,"336,000,000","431,000,000","414,000,000","445,000,000","433,000,000",,,,,,,,,,"449,000,000","442,000,000","389,000,000","345,000,000","330,000,000","411,000,000","388,000,000","457,000,000","483,000,000","525,000,000","499,000,000","470,000,000",,,,,,,,,,,,,,,,,,,,,,,,,,,,,,,,,,,,,,,,,,,,,,,
				DividendsPayable,,,,,,"0","0","0","0","1,441,000,000","0","0","821,000,000","798,000,000",,,,,,,,,,,,"0","0","0","0",,"0",,"1,190,000,000","1,181,000,000","1,800,597,148.779","2,111,000,000","3,964,000,000","4,842,000,000","420,000,000","421,000,000","1,431,000,000","1,464,000,000","1,203,000,000","1,080,000,000","2,088,000,000","2,068,000,000",,,,"2,683,000,000",,,,"1,494,000,000",,,,,,,,,,,,,,,,,,,
				DuetoRelatedPartiesCurrent,"453,000,000","516,000,000","450,000,000","412,000,000","280,000,000","289,000,000","292,000,000","273,000,000","369,000,000","326,000,000","301,000,000","295,000,000","284,000,000","292,000,000","329,000,000","289,000,000",,,,,,,,,,,,,,"0",,,,,"18,609,496.415",,,,,"25,000,000",,,,,,,,,,,,,,,,,,,,,,,,,,,,,,,,,
				OtherPayable,,,,,,,,,,,,,,,,,,,,,,,,,,,,,,"65,000,000","65,000,000",,"71,000,000","66,000,000",,,,"70,000,000","325,000,000","300,000,000","292,000,000","285,000,000","271,000,000","243,000,000","412,000,000","400,000,000",,,,,,,,,,,,,,,,,,,,,,,,,,,
			CurrentAccruedExpenses,"1,218,000,000","1,571,000,000",,,,,,,,,,,,,"593,000,000","493,000,000","413,000,000","375,000,000","455,000,000","526,000,000","526,000,000","1,163,000,000","1,189,000,000","1,027,000,000","800,000,000","1,386,000,000","1,197,000,000","979,000,000","851,000,000","1,481,000,000",,,,,,,,,,,,,,,,,,,,,,,,,,,,,,,,,,,,,,,,,,,
				InterestPayable,"1,218,000,000","1,571,000,000",,,,,,,,,,,,,,,,,,,,,,,,,,,,,,,,,,,,,,,,,,,,,,,,,,,,,,,,,,,,,,,,,,,,,,,
		CurrentProvisions,"787,000,000","1,230,000,000","1,019,000,000","942,000,000","976,000,000","1,363,000,000","1,173,000,000","1,005,000,000","868,000,000","1,394,000,000","1,197,000,000","834,000,000","651,000,000","952,000,000","70,000,000","81,000,000","88,000,000","89,000,000","81,000,000","114,000,000","124,000,000","136,000,000","143,000,000","162,000,000","161,000,000","96,000,000","63,000,000","66,000,000","45,000,000","70,000,000","608,000,000",,"338,000,000","580,000,000","1,218,182,961.574","4,294,000,000","756,000,000","826,000,000","770,000,000","224,000,000","213,000,000","262,000,000","632,000,000","251,000,000","342,000,000","550,000,000",,,,"1,262,000,000",,,,"817,000,000",,,,,,,,,,,,,,,,,,,
		PensionandOtherPostRetirementBenefitPlansCurrent,,,,,,,,,,,,,,,"72,000,000","77,000,000","71,000,000","68,000,000","69,000,000","77,000,000","68,000,000","67,000,000","97,000,000","103,000,000","96,000,000","97,000,000","190,000,000","183,000,000","203,000,000","205,000,000","1,174,000,000",,"913,000,000","1,454,000,000","1,343,008,383.05","1,253,000,000","995,000,000","1,302,000,000","1,139,000,000","906,000,000","747,000,000","1,008,000,000","885,000,000","720,000,000","560,000,000","693,000,000",,,,"865,000,000",,,,"558,000,000",,,,,,,,,,,,,,,,,,,
		CurrentDebtAndCapitalLeaseObligation,"2,022,000,000","2,419,000,000","1,568,000,000","1,526,000,000","4,035,000,000","2,137,000,000","1,876,000,000","2,367,000,000","2,815,000,000","1,973,000,000","2,346,000,000","2,577,000,000","3,382,000,000","2,332,000,000","2,739,000,000","3,753,000,000","3,987,000,000","2,981,000,000","3,171,000,000","3,384,000,000","3,462,000,000","1,725,000,000","2,171,000,000","2,020,000,000","2,097,000,000","1,980,000,000","3,184,000,000","3,318,000,000","3,444,000,000","3,675,000,000","2,234,000,000",,"2,370,000,000","1,541,000,000","2,235,316,538.068","2,018,000,000","1,717,000,000","2,971,000,000","3,752,000,000","4,046,000,000","4,149,000,000","2,982,000,000","2,056,000,000","667,000,000","766,000,000","710,000,000","1,473,000,000","812,000,000","1,614,000,000","1,422,000,000","746,000,000","790,000,000","1,797,000,000","1,459,000,000","1,257,000,000","1,194,000,000","1,284,000,000","1,480,000,000","910,000,000","1,081,000,000","829,000,000","1,145,000,000",,"1,025,000,000","953,000,000","1,257,000,000","1,276,000,000",,"906,000,000","965,000,000","906,000,000","1,273,000,000","1,384,000,000"
			CurrentDebt,"1,796,000,000","2,194,000,000","1,332,000,000","1,287,000,000","3,816,000,000","2,137,000,000","1,432,000,000","2,367,000,000","2,815,000,000","1,578,000,000","1,980,000,000","2,213,000,000","3,007,000,000","2,032,000,000","2,279,000,000","3,442,000,000","3,676,000,000","2,677,000,000","2,757,000,000","3,102,000,000","3,155,000,000","1,319,000,000","1,567,000,000","1,708,000,000","1,692,000,000","1,591,000,000","2,667,000,000","2,731,000,000","2,874,000,000","2,890,000,000","2,234,000,000",,"2,370,000,000","1,541,000,000","2,235,316,538.068","2,018,000,000","1,717,000,000","2,971,000,000","3,752,000,000","4,046,000,000","4,149,000,000","2,982,000,000","2,056,000,000","667,000,000","766,000,000","710,000,000","1,473,000,000","812,000,000","1,614,000,000","1,422,000,000","746,000,000","790,000,000","1,797,000,000","1,459,000,000","1,257,000,000","1,194,000,000","1,284,000,000","1,480,000,000","910,000,000","1,081,000,000","829,000,000","1,145,000,000",,"1,025,000,000","953,000,000","1,257,000,000","1,276,000,000",,"906,000,000","965,000,000","906,000,000","1,273,000,000","1,384,000,000"
				CurrentNotesPayable,,,,,,,,,,,,,,,,,,,,,,,,,,,,,,,,,,,,,,,,,,,,,,,,,,,,,,"112,000,000",,,,,,,,,,,,,,,,,,,
				OtherCurrentBorrowings,"1,796,000,000","2,194,000,000","1,332,000,000","1,287,000,000","3,816,000,000","2,137,000,000","1,432,000,000","2,367,000,000","2,815,000,000","1,578,000,000","1,980,000,000","2,213,000,000","3,007,000,000","2,032,000,000","2,279,000,000","3,442,000,000","3,676,000,000","2,677,000,000","2,757,000,000","3,102,000,000","3,155,000,000","1,319,000,000","1,567,000,000","1,708,000,000","1,692,000,000","1,591,000,000","2,667,000,000","2,731,000,000","2,874,000,000","2,890,000,000","2,234,000,000",,"2,370,000,000","1,541,000,000","2,235,316,538.068","2,018,000,000","1,717,000,000","2,971,000,000","3,752,000,000","4,046,000,000","4,149,000,000","2,982,000,000","2,056,000,000","667,000,000","766,000,000","710,000,000",,,,"1,422,000,000",,,,"1,347,000,000",,,,,,,,,,,,,,,,,,,
			CurrentCapitalLeaseObligation,"226,000,000","225,000,000","236,000,000","239,000,000","219,000,000",,,,,,,,,,,,,,,,,,,,,,,,,,,,,,,,,,,,,,,,,,,,,,,,,,,,,,,,,,,,,,,,,,,,
		CurrentDeferredLiabilities,,,,,,"210,000,000","159,000,000","255,000,000","227,000,000","355,000,000","309,000,000","257,000,000","120,000,000","171,000,000","154,000,000","120,000,000","167,000,000","241,000,000","217,000,000","178,000,000","171,000,000","353,000,000","354,000,000","327,000,000","267,000,000","378,000,000","1,328,000,000","393,000,000","763,000,000","641,000,000",,,,,,,,,,,,,,,,,,,,,,,,,,,,,,,,,,,,,,,,,,,
			CurrentDeferredTaxesLiabilities,,,,,,"210,000,000","159,000,000","255,000,000","227,000,000","355,000,000","309,000,000","257,000,000","120,000,000","171,000,000","154,000,000","120,000,000","167,000,000","241,000,000","217,000,000","178,000,000","171,000,000","353,000,000","354,000,000","327,000,000","267,000,000","378,000,000","1,328,000,000","393,000,000","763,000,000","641,000,000",,,,,,,,,,,,,,,,,,,,,,,,,,,,,,,,,,,,,,,,,,,
		OtherCurrentLiabilities,"3,368,000,000","3,059,000,000","4,662,000,000","4,995,000,000","2,743,000,000","950,000,000","1,001,000,000","1,059,000,000","1,410,000,000","2,887,000,000","1,821,000,000","2,232,000,000","2,233,000,000","2,400,000,000","2,505,000,000","2,138,000,000","2,914,000,000","2,831,000,000","2,160,000,000","1,446,000,000","1,387,000,000","1,932,000,000","1,284,000,000","1,045,000,000","1,124,000,000","1,106,000,000","1,701,000,000","1,762,000,000","1,720,000,000","1,595,000,000","1,046,000,000",,"1,019,000,000","883,000,000","1,250,042,926.904","1,172,000,000","821,000,000","4,086,000,000","4,537,000,000","3,217,000,000","736,000,000","747,000,000","1,377,000,000","570,000,000","841,000,000","500,000,000","4,564,000,000","5,025,000,000","5,583,000,000","1,099,000,000","3,568,000,000","3,353,000,000","3,311,000,000","483,000,000","1,689,000,000","1,563,000,000","758,000,000","2,364,000,000","1,088,000,000","950,000,000","830,000,000","1,624,000,000",,"591,000,000","753,000,000","514,000,000","908,000,000",,"440,000,000","218,000,000","483,000,000","361,000,000","693,000,000"
	TotalNonCurrentLiabilitiesNetMinorityInterest,"39,747,000,000","38,875,000,000","37,785,000,000","39,574,000,000","38,490,000,000","34,247,000,000","34,675,000,000","36,013,000,000","38,587,000,000","41,298,000,000","44,893,000,000","45,822,000,000","47,612,000,000","46,758,000,000","49,409,000,000","47,941,000,000","45,101,000,000","42,243,000,000","44,298,000,000","47,118,000,000","46,207,000,000","49,431,000,000","49,068,000,000","50,871,000,000","50,776,000,000","50,049,000,000","43,724,000,000","43,717,000,000","44,225,000,000","43,017,000,000","42,025,000,000","38,429,000,000","38,796,000,000","37,571,000,000","37,680,629,849.783","39,107,000,000","40,976,000,000","38,786,000,000","37,465,000,000","34,170,000,000","32,508,000,000","32,601,000,000","32,005,000,000","30,266,000,000","28,266,000,000","27,647,000,000","29,496,000,000","32,662,000,000","31,600,000,000","30,803,000,000","30,273,000,000","30,682,000,000","32,349,000,000","31,158,000,000","7,625,000,000","7,590,000,000","7,451,000,000","6,388,000,000","5,490,000,000","5,247,000,000","5,122,000,000","5,252,000,000","5,640,000,000","4,742,000,000","4,562,000,000","3,968,000,000","3,964,000,000","3,177,000,000","3,267,000,000","3,133,000,000","3,275,000,000","3,333,000,000","3,334,000,000"
		LongTermProvisions,"7,478,000,000","8,493,000,000","8,043,000,000","8,104,000,000","9,130,000,000","7,095,000,000","6,367,000,000","6,567,000,000","6,984,000,000","7,027,000,000","6,877,000,000","6,053,000,000","5,938,000,000","5,748,000,000","4,088,000,000","3,683,000,000","3,473,000,000","3,207,000,000","3,506,000,000","4,180,000,000","3,975,000,000","4,515,000,000","3,916,000,000","4,210,000,000","4,005,000,000","3,824,000,000","3,979,000,000","3,983,000,000","4,409,000,000","4,398,000,000","4,095,000,000",,"3,602,000,000","3,383,000,000","3,476,955,634.908","3,523,000,000","3,399,000,000","3,336,000,000","3,179,000,000","3,049,000,000","2,873,000,000","2,790,000,000","3,144,000,000","2,906,000,000","2,548,000,000","2,524,000,000",,,,"3,364,000,000",,,,"2,317,000,000",,,,,,,,,,,,,,,,,,,
		LongTermDebtAndCapitalLeaseObligation,"18,595,000,000","14,364,000,000","15,029,000,000","16,104,000,000","16,821,000,000","15,423,000,000","16,396,000,000","17,047,000,000","19,285,000,000","21,761,000,000","24,935,000,000","26,783,000,000","28,182,000,000","27,789,000,000","29,405,000,000","28,805,000,000","28,338,000,000","26,560,000,000","25,721,000,000","26,677,000,000","25,382,000,000","27,497,000,000","27,357,000,000","28,238,000,000","28,249,000,000","27,675,000,000","26,511,000,000","26,546,000,000","26,746,000,000","26,871,000,000","28,694,000,000",,"24,041,000,000","22,965,000,000","24,169,572,207.427","23,853,000,000","23,414,000,000","22,875,000,000","21,730,000,000","19,907,000,000","20,242,000,000","20,650,000,000","19,110,000,000","18,826,000,000","17,648,000,000","17,535,000,000","19,307,000,000","19,560,000,000","18,909,000,000","17,608,000,000","17,522,000,000","18,284,000,000","21,682,000,000","21,123,000,000","4,613,000,000","4,689,000,000","4,740,000,000","3,880,000,000","3,032,000,000","3,087,000,000","3,302,000,000","3,406,000,000","5,640,000,000","3,489,000,000","3,291,000,000","2,771,000,000","2,921,000,000",,"2,408,000,000","2,366,000,000","2,673,000,000","2,641,000,000","2,551,000,000"
			LongTermDebt,"17,127,000,000","12,798,000,000","13,454,000,000","14,503,000,000","15,294,000,000","15,423,000,000","16,396,000,000","17,047,000,000","19,285,000,000","21,761,000,000","24,935,000,000","26,783,000,000","28,182,000,000","27,789,000,000","29,405,000,000","28,805,000,000","28,338,000,000","26,560,000,000","25,721,000,000","26,677,000,000","25,382,000,000","27,497,000,000","27,357,000,000","28,238,000,000","28,249,000,000","27,675,000,000","26,511,000,000","26,546,000,000","26,746,000,000","26,871,000,000","28,694,000,000",,"24,041,000,000","22,965,000,000","24,169,572,207.427","23,853,000,000","23,414,000,000","22,875,000,000","21,730,000,000","19,907,000,000","20,242,000,000","20,650,000,000","19,110,000,000","18,826,000,000","17,648,000,000","17,535,000,000","19,307,000,000","19,560,000,000","18,909,000,000","17,608,000,000","17,522,000,000","18,284,000,000","21,682,000,000","21,123,000,000","4,613,000,000","4,689,000,000","4,740,000,000","3,880,000,000","3,032,000,000","3,087,000,000","3,302,000,000","3,406,000,000","5,640,000,000","3,489,000,000","3,291,000,000","2,771,000,000","2,921,000,000",,"2,408,000,000","2,366,000,000","2,673,000,000","2,641,000,000","2,551,000,000"
			LongTermCapitalLeaseObligation,"1,468,000,000","1,566,000,000","1,575,000,000","1,601,000,000","1,527,000,000",,,,,,,,,,,,,,,,,,,,,,,,,,,,,,,,,,,,,,,,,,,,,,,,,,,,,,,,,,,,,,,,,,,,
		NonCurrentDeferredLiabilities,"1,741,000,000","1,882,000,000","3,144,000,000","2,930,000,000","3,046,000,000","3,135,000,000","3,380,000,000","3,403,000,000","3,497,000,000","3,568,000,000","3,526,000,000","3,549,000,000","3,709,000,000","3,790,000,000","3,834,000,000","3,405,000,000","3,532,000,000","3,419,000,000","4,681,000,000","4,895,000,000","4,940,000,000","4,664,000,000","4,706,000,000","4,826,000,000","4,691,000,000","4,725,000,000","4,617,000,000","4,625,000,000","4,919,000,000","3,538,000,000","3,953,000,000",,"5,741,000,000","5,654,000,000","5,852,963,596.892","7,069,000,000","9,203,000,000","8,085,000,000","8,485,000,000","7,180,000,000","5,813,000,000","5,755,000,000","5,413,000,000","5,234,000,000","4,197,000,000","4,005,000,000","4,042,000,000","6,040,000,000","5,640,000,000","5,725,000,000","6,168,000,000","5,733,000,000","4,796,000,000","4,527,000,000","360,000,000","309,000,000","266,000,000",,"101,000,000",,,,,,,,,,,,,,
			NonCurrentDeferredTaxesLiabilities,"1,741,000,000","1,882,000,000","1,758,000,000","1,469,000,000","1,524,000,000","1,532,000,000","1,711,000,000","1,678,000,000","1,704,000,000","1,719,000,000","1,604,000,000","1,565,000,000","1,677,000,000","1,700,000,000","1,676,000,000","1,739,000,000","1,817,000,000","1,670,000,000","2,896,000,000","3,089,000,000","3,099,000,000","3,341,000,000","3,255,000,000","3,363,000,000","3,210,000,000","3,228,000,000","3,107,000,000","3,214,000,000","3,504,000,000","3,538,000,000","3,953,000,000",,"5,741,000,000","5,654,000,000","5,852,963,596.892","7,069,000,000","9,203,000,000","8,085,000,000","8,485,000,000","7,180,000,000","5,813,000,000","5,755,000,000","5,413,000,000","5,234,000,000","4,197,000,000","4,005,000,000","4,042,000,000","6,040,000,000","5,640,000,000","5,725,000,000","6,168,000,000","5,733,000,000","4,796,000,000","4,527,000,000","360,000,000","309,000,000","266,000,000",,"101,000,000",,,,,,,,,,,,,,
			NonCurrentDeferredRevenue,,,"1,386,000,000","1,461,000,000","1,522,000,000","1,603,000,000","1,669,000,000","1,725,000,000","1,793,000,000","1,849,000,000","1,922,000,000","1,984,000,000","2,032,000,000","2,090,000,000","2,158,000,000","1,666,000,000","1,715,000,000","1,749,000,000","1,785,000,000","1,806,000,000","1,841,000,000","1,323,000,000","1,451,000,000","1,463,000,000","1,481,000,000","1,497,000,000","1,510,000,000","1,411,000,000","1,415,000,000",,,,,,,,,,,,,,,,,,,,,,,,,,,,,,,,,,,,,,,,,,,,
		TradeandOtherPayablesNonCurrent,"2,628,000,000","3,476,000,000","3,441,000,000","3,815,000,000","3,825,000,000","3,917,000,000","3,858,000,000","4,071,000,000","4,796,000,000","4,890,000,000","5,168,000,000","4,862,000,000","5,098,000,000","4,961,000,000","4,977,000,000","5,013,000,000","4,502,000,000","4,085,000,000","3,992,000,000","5,071,000,000","4,876,000,000","5,863,000,000","6,320,000,000","6,994,000,000","6,773,000,000","6,507,000,000",,,,,,,,,,,,,,,,,,,,,,,,,,,,,,,,,,,,,,,,,,,,,,,
		DuetoRelatedPartiesNonCurrent,"821,000,000","1,184,000,000","1,107,000,000","1,298,000,000","765,000,000","832,000,000","761,000,000","895,000,000","633,000,000","670,000,000","725,000,000","724,000,000","787,000,000","785,000,000","795,000,000","874,000,000",,,,,,,,,,,,,,,,,,,"0",,,,,,,,,,,,,,,,,,,,,,,,,,,,,,,,,,,,,,
		EmployeeBenefits,,,,,,,,,,,,,,,"2,113,000,000","2,150,000,000","1,957,000,000","1,750,000,000","1,881,000,000","2,061,000,000","2,121,000,000","2,236,000,000","1,980,000,000","2,042,000,000","2,086,000,000","2,198,000,000","3,189,000,000","3,247,000,000","3,189,000,000","3,256,000,000","2,438,000,000",,"2,399,000,000","2,446,000,000","1,476,686,043.014","2,207,000,000","2,466,000,000","2,442,000,000","2,028,000,000","2,032,000,000","1,940,000,000","1,970,000,000","1,485,000,000","1,608,000,000","1,485,000,000","1,485,000,000",,,,"2,204,000,000",,,,"1,841,000,000",,,,,,,,,,,,,,,,,,,
			NonCurrentPensionAndOtherPostretirementBenefitPlans,,,,,,,,,,,,,,,"2,113,000,000","2,150,000,000","1,957,000,000","1,750,000,000","1,881,000,000","2,061,000,000","2,121,000,000","2,236,000,000","1,980,000,000","2,042,000,000","2,086,000,000","2,198,000,000","3,189,000,000","3,247,000,000","3,189,000,000","3,256,000,000","2,438,000,000",,"2,399,000,000","2,446,000,000","1,476,686,043.014","2,207,000,000","2,466,000,000","2,442,000,000","2,028,000,000","2,032,000,000","1,940,000,000","1,970,000,000","1,485,000,000","1,608,000,000","1,485,000,000","1,485,000,000",,,,"2,204,000,000",,,,"1,841,000,000",,,,,,,,,,,,,,,,,,,
		DerivativeProductLiabilities,"808,000,000","307,000,000",,,"311,000,000","344,000,000","492,000,000","619,000,000","521,000,000","686,000,000","680,000,000","975,000,000","969,000,000","1,225,000,000","1,167,000,000","1,201,000,000","1,225,000,000","1,429,000,000","2,808,000,000","2,285,000,000","2,496,000,000","1,610,000,000","1,308,000,000","954,000,000","1,122,000,000","1,492,000,000","1,441,000,000","1,409,000,000","738,000,000","783,000,000","968,000,000",,"554,000,000","663,000,000","554,388,660.735","11,000,000","61,000,000","61,000,000","41,000,000","148,000,000","242,000,000","9,000,000","112,000,000","11,000,000","615,000,000","573,000,000",,,,"5,000,000",,,,"733,000,000",,,,,,,,,,,,,,,,,,,
		PreferredSecuritiesOutsideStockEquity,,,,,,,,,,,,,,,,,,"0","0","0","196,000,000","243,000,000","255,000,000","284,000,000","276,000,000","276,000,000","482,000,000","501,000,000","489,000,000","487,000,000",,,,,,,,,,,,,,,,,,,,,,,,,,,,,,,,,,,,,,,,,,,
		OtherNonCurrentLiabilities,"7,676,000,000","9,169,000,000","7,021,000,000","7,323,000,000","4,592,000,000","3,501,000,000","3,421,000,000","3,411,000,000","2,871,000,000","2,696,000,000","2,982,000,000","2,876,000,000","2,929,000,000","2,460,000,000","3,030,000,000","2,810,000,000","2,074,000,000","1,793,000,000","1,709,000,000","1,949,000,000","2,221,000,000","2,803,000,000","3,226,000,000","3,323,000,000","3,574,000,000","3,352,000,000","3,505,000,000","3,406,000,000","3,735,000,000","3,684,000,000","1,877,000,000",,"2,459,000,000","2,460,000,000","2,150,063,706.807","2,444,000,000","2,433,000,000","1,987,000,000","2,002,000,000","1,854,000,000","1,398,000,000","1,427,000,000","2,741,000,000","1,681,000,000","1,773,000,000","1,525,000,000","6,147,000,000","7,062,000,000","7,051,000,000","1,897,000,000","6,583,000,000","6,665,000,000","5,871,000,000","617,000,000","2,652,000,000","2,592,000,000","2,445,000,000","2,508,000,000","2,357,000,000","2,160,000,000","1,820,000,000","1,846,000,000",,"1,253,000,000","1,271,000,000","1,197,000,000","1,043,000,000",,"859,000,000","767,000,000","602,000,000","692,000,000","783,000,000"
TotalEquityGrossMinorityInterest,"33,257,000,000","38,993,000,000","42,681,000,000","43,324,000,000","43,193,000,000","44,832,000,000","41,641,000,000","42,888,000,000","45,807,000,000","44,772,000,000","46,482,000,000","41,901,000,000","43,571,000,000","41,024,000,000","41,831,000,000","41,483,000,000","38,772,000,000","35,704,000,000","44,501,000,000","49,871,000,000","48,317,000,000","56,321,000,000","63,384,000,000","68,352,000,000","67,899,000,000","64,936,000,000","75,601,000,000","71,705,000,000","77,536,000,000","75,876,000,000","84,084,000,000","81,907,000,000","84,744,000,000","80,114,000,000","80,231,035,331.303","88,499,000,000","80,562,000,000","72,441,000,000","72,813,000,000","64,420,000,000","61,742,000,000","60,497,000,000","60,009,000,000","53,002,000,000","46,540,000,000","45,047,000,000","53,215,000,000","44,675,000,000","37,575,000,000","35,831,000,000","36,624,000,000","31,443,000,000","24,846,000,000","22,484,000,000","20,069,000,000","18,240,000,000","17,479,000,000","11,557,000,000","13,649,000,000","11,318,000,000","8,861,000,000","7,608,000,000","6,480,000,000","5,712,000,000","5,452,000,000","5,213,000,000","4,934,000,000","4,562,000,000","3,683,000,000","3,314,000,000","2,615,000,000","4,013,000,000","4,788,000,000"
	StockholdersEquity,"34,403,000,000","40,067,000,000","42,007,000,000","42,582,000,000","42,380,000,000","43,985,000,000","40,783,000,000","41,948,000,000","44,702,000,000","43,458,000,000","45,008,000,000","40,471,000,000","42,037,000,000","39,042,000,000","39,719,000,000","39,371,000,000","36,742,000,000","33,589,000,000","42,259,000,000","48,800,000,000","47,169,000,000","55,122,000,000","62,099,000,000","67,104,000,000","66,393,000,000","63,325,000,000","74,195,000,000","70,261,000,000","76,002,000,000","74,241,000,000","82,150,000,000","80,294,000,000","82,444,000,000","77,715,000,000","77,137,282,973.057","85,016,000,000","77,010,000,000","68,899,000,000","69,321,000,000","60,211,000,000","58,224,000,000","56,935,000,000","56,546,000,000","49,877,000,000","43,827,000,000","42,556,000,000","50,308,000,000","41,705,000,000","35,018,000,000","33,276,000,000","33,552,000,000","29,085,000,000","22,142,000,000","19,673,000,000","18,880,000,000","17,208,000,000","16,555,000,000","10,294,000,000","12,205,000,000","10,249,000,000","8,088,000,000","6,843,000,000","6,480,000,000","5,179,000,000","5,099,000,000","4,884,000,000","4,641,000,000","4,562,000,000","3,640,000,000","3,287,000,000","2,608,000,000","3,972,000,000","4,777,000,000"
		CapitalStock,"61,614,000,000","61,614,000,000","61,614,000,000","61,614,000,000","61,614,000,000","61,614,000,000","61,614,000,000","61,614,000,000","61,614,000,000","61,614,000,000","61,614,000,000","61,614,000,000","61,614,000,000","61,614,000,000","61,614,000,000","61,614,000,000","61,614,000,000","61,614,000,000","61,614,000,000","61,614,000,000","61,614,000,000","61,614,000,000","61,614,000,000","61,614,000,000","60,578,000,000","60,578,000,000","60,578,000,000","60,578,000,000","60,578,000,000","42,565,000,000","16,728,000,000","0","16,728,000,000","16,728,000,000","16,118,210,850.39","16,728,000,000","10,370,000,000","10,370,000,000","10,370,000,000","27,320,000,000","9,727,000,000","9,727,000,000","9,727,000,000","9,727,000,000","9,727,000,000","9,727,000,000","0","0","0","4,953,000,000","0","0","0","4,702,000,000","0","0","0","5,992,000,000","5,956,000,000","5,956,000,000","3,297,000,000","2,749,000,000","3,707,000,000","3,297,000,000","2,957,000,000","2,957,000,000","2,957,000,000","3,367,000,000","2,534,000,000","2,534,000,000","2,534,000,000","2,534,000,000","2,299,000,000"
			PreferredStock,,,,,,,,,,"0",,,,"23,089,000,000",,"23,089,000,000","23,089,000,000","23,089,000,000","23,089,000,000","23,089,000,000","23,089,000,000","23,089,000,000","23,089,000,000","23,089,000,000","22,907,000,000","22,907,000,000","22,907,000,000","22,907,000,000","22,907,000,000","16,728,000,000","16,728,000,000",,"16,728,000,000","16,728,000,000","16,118,210,850.39","16,728,000,000","10,370,000,000","10,370,000,000","10,370,000,000","11,014,000,000","9,727,000,000","9,727,000,000","9,727,000,000","9,727,000,000","9,727,000,000","9,727,000,000",,,,"4,953,000,000",,,,"4,702,000,000",,,,,"2,150,000,000","2,150,000,000","1,176,000,000",,"1,176,000,000","1,176,000,000","1,055,000,000","1,055,000,000","1,055,000,000","904,000,000","904,000,000","904,000,000","904,000,000","904,000,000","820,000,000"
			CommonStock,"61,614,000,000","61,614,000,000","61,614,000,000","61,614,000,000","61,614,000,000","61,614,000,000","61,614,000,000","61,614,000,000","61,614,000,000","61,614,000,000","61,614,000,000","61,614,000,000","61,614,000,000","38,525,000,000","61,614,000,000","38,525,000,000","38,525,000,000","38,525,000,000","38,525,000,000","38,525,000,000","38,525,000,000","38,525,000,000","38,525,000,000","38,525,000,000","37,671,000,000","37,671,000,000","37,671,000,000","37,671,000,000","37,671,000,000","25,837,000,000","0","0","0","0","0","0","0","0","0","16,306,000,000","0","0","0","0","0","0","0","0","0","0","0","0","0","0","0","0","0","5,992,000,000","3,806,000,000","3,806,000,000","2,121,000,000","2,749,000,000","2,531,000,000","2,121,000,000","1,902,000,000","1,902,000,000","1,902,000,000","2,463,000,000","1,630,000,000","1,630,000,000","1,630,000,000","1,630,000,000","1,479,000,000"
		AdditionalPaidInCapital,,,"61,614,000,000","61,614,000,000","61,614,000,000","61,614,000,000","61,614,000,000","61,614,000,000","61,614,000,000","61,614,000,000","61,614,000,000","61,614,000,000","61,614,000,000","38,525,000,000","61,614,000,000","38,525,000,000","38,525,000,000","38,525,000,000","38,525,000,000","38,525,000,000","38,525,000,000","38,525,000,000","38,525,000,000","38,525,000,000","37,671,000,000","37,671,000,000","37,671,000,000","37,671,000,000","37,671,000,000","-529,000,000","25,470,000,000","37,719,000,000","25,766,000,000","25,776,000,000","24,894,754,715.124","26,155,000,000","18,204,000,000","18,204,000,000","18,204,000,000","1,790,000,000","15,673,000,000","15,673,000,000","15,655,000,000","15,655,000,000","15,655,000,000","15,655,000,000","24,974,000,000","13,193,000,000","13,193,000,000","8,240,000,000","13,193,000,000","13,193,000,000","9,006,000,000","4,304,000,000","9,006,000,000","9,006,000,000","9,006,000,000",,"498,000,000","496,000,000","498,000,000",,,"498,000,000","498,000,000","498,000,000","498,000,000",,"498,000,000","498,000,000","498,000,000","498,000,000","498,000,000"
		RetainedEarnings,"239,000,000",,"-121,000,000","-1,775,000,000","-1,642,000,000","0","1,004,000,000","1,650,000,000","1,570,000,000","0","4,764,000,000","2,403,000,000","2,491,000,000","0","3,618,000,000","3,083,000,000","1,773,000,000","0",,,,,"25,685,000,000","30,118,000,000","33,217,000,000","29,566,000,000","39,968,000,000","36,408,000,000","42,047,000,000","46,295,000,000","51,942,000,000",,"49,423,000,000","45,612,000,000","40,443,981,757.433","41,293,000,000","49,184,000,000","42,384,000,000","41,342,000,000","35,320,000,000","33,252,000,000","31,690,000,000","31,677,000,000","30,037,000,000","29,293,000,000","27,956,000,000","23,811,000,000","23,907,000,000","18,943,000,000","16,948,000,000","17,084,000,000","14,185,000,000","14,334,000,000","12,060,000,000","12,055,000,000","10,741,000,000","9,511,000,000","4,302,000,000","7,944,000,000","6,627,000,000","8,156,000,000",,,"6,168,000,000","6,135,000,000","5,892,000,000","5,723,000,000",,"5,672,000,000","5,518,000,000","4,949,000,000","5,271,000,000","5,535,000,000"
		TreasuryStock,"2,441,000,000","2,455,000,000","2,455,000,000","2,455,000,000","2,455,000,000","2,477,000,000","1,966,000,000","1,477,000,000","1,477,000,000","1,477,000,000","1,477,000,000","1,477,000,000","1,477,000,000","1,477,000,000","1,477,000,000","1,477,000,000","1,477,000,000","1,477,000,000","1,477,000,000","1,477,000,000","1,477,000,000","1,477,000,000","1,477,000,000","1,477,000,000","4,477,000,000","4,477,000,000","4,477,000,000","4,477,000,000","4,477,000,000","4,477,000,000","4,477,000,000",,"5,662,000,000","5,662,000,000","4,454,692,703.52","2,660,000,000","2,660,000,000","2,660,000,000","1,528,000,000","660,000,000","1,150,000,000","1,150,000,000","1,150,000,000","1,151,000,000","1,151,000,000","1,141,000,000",,"389,000,000","389,000,000","389,000,000","389,000,000","389,000,000","389,000,000","389,000,000","389,000,000","113,000,000","88,000,000",,"88,000,000","88,000,000","88,000,000","49,000,000",,"88,000,000","88,000,000","88,000,000","88,000,000",,"88,000,000","88,000,000","88,000,000","88,000,000","88,000,000"
		GainsLossesNotAffectingRetainedEarnings,"-25,009,000,000","-19,092,000,000","-15,909,000,000","-13,680,000,000","-14,015,000,000","-14,030,000,000","-18,763,000,000","-18,733,000,000","-15,899,000,000","-15,573,000,000","-18,765,000,000","-21,113,000,000","-19,635,000,000","-20,244,000,000","-23,184,000,000","-22,995,000,000","-24,314,000,000","-25,694,000,000","-17,457,000,000","-10,732,000,000","-12,365,000,000","-4,414,000,000","-23,171,000,000","-22,599,000,000","-22,373,000,000","-21,790,000,000","-21,322,000,000","-21,696,000,000","-21,594,000,000","-9,613,000,000","-7,513,000,000","42,575,000,000","-4,745,000,000","-5,673,000,000","-1,221,692,030.907","2,566,000,000","978,000,000","-333,000,000","-1,000,000","-3,559,000,000","-2,081,000,000","-1,808,000,000","-2,166,000,000","-6,260,000,000","-11,566,000,000","-11,510,000,000","1,523,000,000","4,994,000,000","3,271,000,000","1,655,000,000","3,664,000,000","2,096,000,000","-809,000,000","-1,004,000,000","-1,792,000,000","-2,426,000,000","-1,874,000,000",,"-2,105,000,000","-2,744,000,000","-3,775,000,000","4,143,000,000","2,773,000,000","-4,696,000,000","-4,403,000,000","-4,375,000,000","-4,449,000,000","1,195,000,000","-4,976,000,000","-5,175,000,000","-5,285,000,000","-4,243,000,000","-3,467,000,000"
			UnrealizedGainLoss,,,"-1,426,000,000","-1,271,000,000","-1,061,000,000","-1,033,000,000","-881,000,000","-1,096,000,000","-1,165,000,000","-1,183,000,000","-1,338,000,000","-1,360,000,000","-1,188,000,000","-1,147,000,000","-1,290,000,000","-1,268,000,000","-1,091,000,000","-992,000,000","-1,171,000,000","-1,316,000,000","-1,547,000,000","-1,713,000,000","-1,100,000,000","-1,113,000,000","-1,219,000,000","-1,202,000,000","-2,114,000,000","-2,258,000,000","-2,098,000,000",,,,,,,,,,,,,,,,,,,,,,,,,,,,,,,,,,,,,,,,,,,,
			ForeignCurrencyTranslationAdjustments,"-29,296,000,000","-25,211,000,000","-25,828,000,000","-24,638,000,000","-25,000,000,000","-25,104,000,000","-25,151,000,000","-25,140,000,000","-23,257,000,000","-22,948,000,000","-22,257,000,000","-23,235,000,000","-22,770,000,000","-23,300,000,000","-23,079,000,000","-22,925,000,000","-24,304,000,000","-25,687,000,000","-26,084,000,000","-24,110,000,000","-24,393,000,000","-22,686,000,000","-22,071,000,000","-21,486,000,000","-21,154,000,000","-20,588,000,000","-19,208,000,000","-19,438,000,000","-19,496,000,000",,,,,,,,,,,,,,,,,,,,,,,,,,,,,,,,,,,,,,,,,,,,
			OtherEquityAdjustments,"4,287,000,000","6,119,000,000","11,345,000,000","12,229,000,000","12,046,000,000","12,107,000,000","7,269,000,000","7,503,000,000","8,523,000,000","8,558,000,000","4,830,000,000","3,482,000,000","4,323,000,000","4,203,000,000","1,185,000,000","1,198,000,000","1,081,000,000","985,000,000","9,798,000,000","14,694,000,000","13,575,000,000","19,985,000,000",,,,,,,,"-9,613,000,000",,,,,,,,,,,,,,,,,,,,,,,,,,,,,,,,,,,,,,,,,,,
		OtherEquityInterest,,,"-1,122,000,000","-1,122,000,000","-1,122,000,000","-1,122,000,000","-1,106,000,000","-1,106,000,000","-1,106,000,000","-1,106,000,000","-1,128,000,000","-956,000,000","-956,000,000","-851,000,000","-852,000,000","-854,000,000","-854,000,000","-854,000,000","-421,000,000","-605,000,000","-603,000,000","-601,000,000","-552,000,000","-552,000,000","-552,000,000","-552,000,000","-552,000,000","-552,000,000","-552,000,000",,,,"934,000,000","934,000,000","1,356,720,384.538","934,000,000","934,000,000","934,000,000","934,000,000",,"2,803,000,000","2,803,000,000","2,803,000,000","1,869,000,000","1,869,000,000","1,869,000,000",,,,"1,869,000,000",,,,,,,,,,"2,000,000",,,,,,,,,,,,,
	MinorityInterest,"-1,146,000,000","-1,074,000,000","674,000,000","742,000,000","813,000,000","847,000,000","858,000,000","940,000,000","1,105,000,000","1,314,000,000","1,474,000,000","1,430,000,000","1,534,000,000","1,982,000,000","2,112,000,000","2,112,000,000","2,030,000,000","2,115,000,000","2,242,000,000","1,071,000,000","1,148,000,000","1,199,000,000","1,285,000,000","1,248,000,000","1,506,000,000","1,611,000,000","1,406,000,000","1,444,000,000","1,534,000,000","1,635,000,000","1,934,000,000","1,613,000,000","2,300,000,000","2,399,000,000","3,093,752,358.246","3,483,000,000","3,552,000,000","3,542,000,000","3,492,000,000","4,209,000,000","3,518,000,000","3,562,000,000","3,463,000,000","3,125,000,000","2,713,000,000","2,491,000,000","2,907,000,000","2,970,000,000","2,557,000,000","2,555,000,000","3,072,000,000","2,358,000,000","2,704,000,000","2,811,000,000","1,189,000,000","1,032,000,000","924,000,000","1,263,000,000","1,444,000,000","1,069,000,000","773,000,000","765,000,000",,"533,000,000","353,000,000","329,000,000","293,000,000",,"43,000,000","27,000,000","7,000,000","41,000,000","11,000,000"
TotalCapitalization,"51,530,000,000","52,865,000,000","55,461,000,000","57,085,000,000","57,674,000,000","59,408,000,000","57,179,000,000","58,995,000,000","63,987,000,000","65,219,000,000","69,943,000,000","67,254,000,000","70,219,000,000","66,831,000,000","69,124,000,000","68,176,000,000","65,080,000,000","60,149,000,000","67,980,000,000","75,477,000,000","72,551,000,000","82,619,000,000","89,456,000,000","95,342,000,000","94,642,000,000","91,000,000,000","100,706,000,000","96,807,000,000","102,748,000,000","101,112,000,000","110,844,000,000","80,294,000,000","106,485,000,000","100,680,000,000","101,306,855,180.484","108,869,000,000","100,424,000,000","91,774,000,000","91,051,000,000","80,118,000,000","78,466,000,000","77,585,000,000","75,656,000,000","68,703,000,000","61,475,000,000","60,091,000,000","69,615,000,000","61,265,000,000","53,927,000,000","50,884,000,000","51,074,000,000","47,369,000,000","43,824,000,000","40,796,000,000","23,493,000,000","21,897,000,000","21,295,000,000","14,174,000,000","15,237,000,000","13,336,000,000","11,390,000,000","10,249,000,000","12,120,000,000","8,668,000,000","8,390,000,000","7,655,000,000","7,562,000,000","4,562,000,000","6,048,000,000","5,653,000,000","5,281,000,000","6,613,000,000","7,328,000,000"
PreferredStockEquity,,,,,,,,,,,,,,"23,089,000,000",,"23,089,000,000","23,089,000,000","23,089,000,000","23,089,000,000","23,089,000,000","23,089,000,000","23,089,000,000","23,089,000,000","23,089,000,000","22,907,000,000","22,907,000,000","22,907,000,000","22,907,000,000","22,907,000,000","16,728,000,000","16,728,000,000",,"16,728,000,000","16,728,000,000","16,118,210,850.39","16,728,000,000","10,370,000,000","10,370,000,000","10,370,000,000","11,014,000,000","9,727,000,000","9,727,000,000","9,727,000,000","9,727,000,000","9,727,000,000","9,727,000,000",,,,"4,953,000,000",,,,"4,702,000,000",,,,,"2,150,000,000","2,150,000,000","1,176,000,000",,"1,176,000,000","1,176,000,000","1,055,000,000","1,055,000,000","1,055,000,000","904,000,000","904,000,000","904,000,000","904,000,000","904,000,000","820,000,000"
CommonStockEquity,"34,403,000,000","40,067,000,000","42,007,000,000","42,582,000,000","42,380,000,000","43,985,000,000","40,783,000,000","41,948,000,000","44,702,000,000","43,458,000,000","45,008,000,000","40,471,000,000","42,037,000,000","15,953,000,000","39,719,000,000","16,282,000,000","13,653,000,000","10,500,000,000","19,170,000,000","25,711,000,000","24,080,000,000","32,033,000,000","39,010,000,000","44,015,000,000","43,486,000,000","40,418,000,000","51,288,000,000","47,354,000,000","53,095,000,000","57,513,000,000","65,422,000,000","80,294,000,000","65,716,000,000","60,987,000,000","61,019,072,122.667","68,288,000,000","66,640,000,000","58,529,000,000","58,951,000,000","49,197,000,000","48,497,000,000","47,208,000,000","46,819,000,000","40,150,000,000","34,100,000,000","32,829,000,000","50,308,000,000","41,705,000,000","35,018,000,000","28,323,000,000","33,552,000,000","29,085,000,000","22,142,000,000","14,971,000,000","18,880,000,000","17,208,000,000","16,555,000,000","10,294,000,000","10,055,000,000","8,099,000,000","6,912,000,000","6,843,000,000","5,304,000,000","4,003,000,000","4,044,000,000","3,829,000,000","3,586,000,000","3,658,000,000","2,736,000,000","2,383,000,000","1,704,000,000","3,068,000,000","3,957,000,000"
CapitalLeaseObligations,"1,694,000,000","1,791,000,000","1,811,000,000","1,840,000,000","1,746,000,000",,,,,,,,,,,,,,,,,,,,,,,,,,,,,,,,,,,,,,,,,,,,,,,,,,,,,,,,,,,,,,,,,,,,
NetTangibleAssets,"27,507,000,000","31,568,000,000","33,699,000,000","33,940,000,000","33,840,000,000","36,023,000,000","32,993,000,000","33,959,000,000","36,110,000,000","34,965,000,000","36,357,000,000","33,260,000,000","34,731,000,000","32,171,000,000","32,760,000,000","32,458,000,000","30,724,000,000","28,265,000,000","36,746,000,000","42,460,000,000","41,143,000,000","48,302,000,000","55,197,000,000","59,891,000,000","59,299,000,000","56,454,000,000","67,063,000,000","61,570,000,000","66,694,000,000","70,272,000,000","78,134,000,000","80,294,000,000","78,223,000,000","73,554,000,000","66,881,510,261.444","80,302,000,000","72,342,000,000","64,308,000,000","64,877,000,000","56,061,000,000","54,726,000,000","53,449,000,000","54,150,000,000","47,782,000,000","41,939,000,000","40,658,000,000","44,423,000,000","38,003,000,000","31,424,000,000","29,485,000,000","30,238,000,000","25,781,000,000","17,261,000,000","15,189,000,000","18,286,000,000","16,615,000,000","15,964,000,000","10,294,000,000","11,628,000,000","9,703,000,000","8,088,000,000","6,843,000,000","6,480,000,000","4,760,000,000","4,651,000,000","4,433,000,000","4,161,000,000","4,562,000,000","3,206,000,000","2,875,000,000","2,235,000,000","3,456,000,000","4,238,000,000"
WorkingCapital,"8,366,000,000","3,197,000,000","5,056,000,000","3,080,000,000","2,608,000,000","6,181,000,000","5,961,000,000","6,282,000,000","5,249,000,000","5,840,000,000","9,172,000,000","9,280,000,000","10,596,000,000","11,335,000,000","8,660,000,000","6,728,000,000","5,826,000,000","4,928,000,000","7,475,000,000","7,708,000,000","7,677,000,000","9,497,000,000","10,872,000,000","13,048,000,000","14,029,000,000","14,765,000,000","12,794,000,000","9,942,000,000","11,483,000,000","10,312,000,000","14,971,000,000","11,567,000,000","11,835,000,000","10,693,000,000","14,736,571,534.815","16,066,000,000","15,221,000,000","13,879,000,000","16,472,000,000","12,826,000,000","12,722,000,000","12,113,000,000","14,405,000,000","14,740,000,000","15,109,000,000","16,001,000,000","20,165,000,000","5,196,000,000","3,126,000,000","1,297,000,000","5,633,000,000","4,611,000,000","4,839,000,000","5,628,000,000","3,725,000,000","2,661,000,000","2,816,000,000","387,000,000","2,042,000,000","1,632,000,000","1,532,000,000","981,000,000","1,646,000,000","1,089,000,000","791,000,000","221,000,000","537,000,000","438,000,000","1,058,000,000","1,081,000,000","1,291,000,000","1,154,000,000","1,202,000,000"
InvestedCapital,"53,326,000,000","55,059,000,000","56,793,000,000","58,372,000,000","61,490,000,000","61,545,000,000","58,611,000,000","61,362,000,000","66,802,000,000","66,797,000,000","71,923,000,000","69,467,000,000","73,226,000,000","45,774,000,000","71,403,000,000","48,529,000,000","45,667,000,000","39,737,000,000","47,648,000,000","55,490,000,000","52,617,000,000","60,849,000,000","67,934,000,000","73,961,000,000","73,427,000,000","69,684,000,000","80,466,000,000","76,631,000,000","82,715,000,000","87,274,000,000","96,350,000,000","80,294,000,000","92,127,000,000","85,493,000,000","87,423,960,868.162","94,159,000,000","91,771,000,000","84,375,000,000","84,433,000,000","73,150,000,000","72,888,000,000","70,840,000,000","67,985,000,000","59,643,000,000","52,514,000,000","51,074,000,000","71,088,000,000","62,077,000,000","55,541,000,000","47,353,000,000","51,820,000,000","48,159,000,000","45,621,000,000","37,553,000,000","24,750,000,000","23,091,000,000","22,579,000,000","15,654,000,000","13,997,000,000","12,267,000,000","11,043,000,000","11,394,000,000","10,944,000,000","8,517,000,000","8,288,000,000","7,857,000,000","7,783,000,000","3,658,000,000","6,050,000,000","5,714,000,000","5,283,000,000","6,982,000,000","7,892,000,000"
TangibleBookValue,"27,507,000,000","31,568,000,000","33,699,000,000","33,940,000,000","33,840,000,000","36,023,000,000","32,993,000,000","33,959,000,000","36,110,000,000","34,965,000,000","36,357,000,000","33,260,000,000","34,731,000,000","9,082,000,000","32,760,000,000","9,369,000,000","7,635,000,000","5,176,000,000","13,657,000,000","19,371,000,000","18,054,000,000","25,213,000,000","32,108,000,000","36,802,000,000","36,392,000,000","33,547,000,000","44,156,000,000","38,663,000,000","43,787,000,000","53,544,000,000","61,406,000,000","80,294,000,000","61,495,000,000","56,826,000,000","50,763,299,411.054","63,574,000,000","61,972,000,000","53,938,000,000","54,507,000,000","45,047,000,000","44,999,000,000","43,722,000,000","44,423,000,000","38,055,000,000","32,212,000,000","30,931,000,000","44,423,000,000","38,003,000,000","31,424,000,000","24,532,000,000","30,238,000,000","25,781,000,000","17,261,000,000","10,487,000,000","18,286,000,000","16,615,000,000","15,964,000,000","10,294,000,000","9,478,000,000","7,553,000,000","6,912,000,000","6,843,000,000","5,304,000,000","3,584,000,000","3,596,000,000","3,378,000,000","3,106,000,000","3,658,000,000","2,302,000,000","1,971,000,000","1,331,000,000","2,552,000,000","3,418,000,000"
TotalDebt,"20,617,000,000","16,783,000,000","16,597,000,000","17,630,000,000","20,856,000,000","17,560,000,000","18,272,000,000","19,414,000,000","22,100,000,000","23,734,000,000","27,281,000,000","29,360,000,000","31,564,000,000","30,121,000,000","32,144,000,000","32,558,000,000","32,325,000,000","29,541,000,000","28,892,000,000","30,061,000,000","28,844,000,000","29,222,000,000","29,528,000,000","30,258,000,000","30,346,000,000","29,655,000,000","29,695,000,000","29,864,000,000","30,190,000,000","30,546,000,000","30,928,000,000",,"26,411,000,000","24,506,000,000","26,404,888,745.495","25,871,000,000","25,131,000,000","25,846,000,000","25,482,000,000","23,953,000,000","24,391,000,000","23,632,000,000","21,166,000,000","19,493,000,000","18,414,000,000","18,245,000,000","20,780,000,000","20,372,000,000","20,523,000,000","19,030,000,000","18,268,000,000","19,074,000,000","23,479,000,000","22,582,000,000","5,870,000,000","5,883,000,000","6,024,000,000","5,360,000,000","3,942,000,000","4,168,000,000","4,131,000,000","4,551,000,000","5,640,000,000","4,514,000,000","4,244,000,000","4,028,000,000","4,197,000,000",,"3,314,000,000","3,331,000,000","3,579,000,000","3,914,000,000","3,935,000,000"
NetDebt,"7,135,000,000","7,642,000,000","6,227,000,000","9,742,000,000","14,102,000,000","11,776,000,000","11,728,000,000","13,045,000,000","16,732,000,000","19,011,000,000","22,196,000,000","23,276,000,000","24,473,000,000","25,559,000,000","26,315,000,000","28,079,000,000","28,232,000,000","25,646,000,000","24,081,000,000","26,621,000,000","24,853,000,000","24,842,000,000","21,042,000,000","22,881,000,000","22,759,000,000","23,945,000,000","22,057,000,000","23,390,000,000","23,578,000,000","23,929,000,000","22,977,000,000",,"21,489,000,000","20,975,000,000","18,380,298,465.021","12,644,000,000","13,860,000,000","18,262,000,000","15,759,000,000","17,718,000,000","13,267,000,000","16,339,000,000","12,708,000,000","11,301,000,000","9,417,000,000","7,914,000,000","5,835,000,000","18,218,000,000","18,259,000,000","17,984,000,000","15,760,000,000","17,300,000,000","19,525,000,000","18,134,000,000","2,979,000,000","3,989,000,000","4,380,000,000","4,203,000,000","2,707,000,000","3,212,000,000","3,009,000,000","3,076,000,000","5,640,000,000","3,455,000,000","3,243,000,000","3,443,000,000","2,857,000,000",,"2,030,000,000","2,240,000,000","2,177,000,000","2,342,000,000","1,927,000,000"
ShareIssued,"5,284,474,770","5,284,474,770","5,284,474,782","5,284,474,782","5,284,474,770","5,284,474,782","5,284,474,770","5,284,474,782","5,284,474,782","5,284,474,782","5,304,684,600","5,244,316,120","5,244,316,120","5,244,316,108","5,244,316,120","5,244,316,120","5,244,316,120","5,244,316,120","5,244,316,120","5,244,316,120","5,244,316,120","5,244,317,120","5,244,316,120","5,212,780,718","5,365,304,100","5,365,304,100","5,365,304,100","5,365,304,100","5,365,304,100","5,365,304,100","5,365,304,100","5,365,304,100","5,365,304,100","5,633,315,121","5,365,304,100","5,365,304,100","5,365,304,100","5,510,329,065","5,365,304,100","5,365,304,100","5,365,304,100","5,365,304,100","5,365,315,002","5,365,314,732","5,365,304,100","5,365,304,100","4,832,391,064","4,888,973,104","4,919,314,116","4,919,314,116","4,832,384,932","4,832,390,788","4,832,390,788","4,832,387,044","4,832,387,044","4,860,124,044","4,862,686,244","4,606,080,788","4,606,080,788",,"4,606,078,816","4,606,078,816","4,606,078,816",,"4,606,076,424","4,606,076,424","4,606,076,424",,"4,606,072,860","4,606,072,860","4,606,072,860","4,606,072,860",
OrdinarySharesNumber,"5,129,910,942","5,128,282,457","5,128,282,469","5,128,283,206","5,128,282,457","5,126,258,410","5,160,594,363","5,197,432,093","5,197,432,093","5,197,432,093","5,217,652,308","5,153,374,926","5,153,374,926","5,153,374,914","5,153,374,926","5,153,374,926","5,153,374,926","5,153,374,926","5,153,374,926","5,153,374,926","5,153,374,926","5,153,375,926","5,153,374,926","5,153,374,926","5,153,374,926","5,153,374,926","5,153,374,926","5,153,374,926","5,153,374,926","5,153,374,926","5,153,374,926","5,153,374,926","5,097,293,366","5,365,304,100","5,218,279,144","5,218,279,144","5,316,932,211","5,365,304,100","5,257,004,535","5,288,159,535","5,212,724,297","5,212,724,297","5,212,735,199","5,212,691,129","5,212,680,497","5,213,511,897","4,832,391,064","4,832,391,064","4,919,314,116","4,919,314,116","4,832,384,932","4,832,390,788","4,832,390,788","4,832,387,044","4,832,387,044","4,860,124,044","4,862,686,244","4,606,080,788","4,606,080,788",,"4,606,078,816","4,606,078,816","4,606,078,816",,"4,606,076,424","4,606,076,424","4,606,076,424",,"4,606,072,860","4,606,072,860","4,606,072,860","4,606,072,860",
PreferredSharesNumber,,,,,,,,,,,,,,"1,967,721,914",,"1,967,721,914","1,967,721,914","1,967,721,914","1,967,721,914","1,967,721,914","1,967,721,914","1,967,721,914","1,967,721,914","1,967,721,914",,,,,,,,,,,"1,955,824,156",,,,,,,,,,,,,"1,919,516,400",,,,,,,,,,,,,,,,,,,,,,,,,
TreasurySharesNumber,"154,563,828","156,192,313","156,192,313","156,191,576","156,192,313","158,216,372","123,880,407","87,042,689","87,042,689","87,042,689","87,032,292","90,941,194","90,941,194","90,941,194","90,941,194","90,941,194","90,941,194","90,941,194","90,941,194","90,941,194","90,941,194","90,941,194","90,941,194","90,941,194","211,929,174","211,929,174","211,929,174","211,929,174","211,929,174","211,929,174","211,929,174","211,929,174","268,010,734","268,011,021","147,024,956","147,024,956","48,371,889","145,024,965","108,299,565","77,144,565","152,579,803","152,579,803","152,579,803","152,623,603","152,623,603","151,792,203",,"56,582,040",,,,,,,,,,,,,,,,,,,,,,,,,