name,12/31/2019,12/31/2018,12/31/2017,12/31/2016,12/31/2015,12/31/2014,12/31/2013,12/31/2012,12/31/2011,12/31/2010,12/31/2009,12/31/2008,12/31/2007,12/31/2006,12/31/2005,12/31/2004,12/31/2003,12/31/2002,12/31/2001,12/31/2000,12/31/1999,12/31/1998,12/31/1997,12/31/1996,12/31/1995,12/31/1994,12/31/1993,12/31/1992,12/31/1991,12/31/1990,12/31/1989,12/31/1988,12/31/1987,12/31/1986,12/31/1985
TotalAssets,"291,727,000,000","264,829,000,000","257,143,000,000","244,180,000,000","244,640,000,000","232,708,000,000","274,098,000,000","225,222,000,000","230,461,000,000","220,005,000,000","227,251,000,000","202,352,000,000","186,959,000,000","188,804,000,000","168,130,000,000","165,958,000,000","165,968,000,000","167,468,000,000","170,795,000,000","164,735,000,000","62,614,000,000","55,143,900,000","53,964,100,000","24,856,200,000","24,156,800,000","24,271,800,000","29,544,200,000","28,099,500,000","27,881,600,000","27,998,500,000","26,219,700,000","24,729,200,000","21,245,100,000","21,090,900,000","19,788,400,000"
	CurrentAssets,"37,473,000,000","34,636,000,000","29,913,000,000","26,395,000,000","22,280,000,000","29,623,000,000","70,994,000,000","21,235,000,000","30,939,000,000","22,348,000,000","22,608,000,000","26,075,000,000","18,698,000,000","22,538,000,000","16,448,000,000","19,479,000,000","18,293,000,000","20,921,000,000","23,187,000,000","22,121,000,000","10,596,000,000","9,082,300,000","9,000,800,000","3,948,000,000","3,872,700,000","3,783,300,000","3,870,800,000","3,991,300,000","3,849,400,000","3,827,600,000","3,768,900,000","3,206,400,000","2,796,600,000","2,755,600,000","2,683,700,000"
		CashCashEquivalentsAndShortTermInvestments,"2,594,000,000","2,745,000,000","2,079,000,000","2,880,000,000","4,820,000,000","11,153,000,000","54,129,000,000","3,563,000,000","13,954,000,000","7,213,000,000","2,499,000,000","10,291,000,000","3,397,000,000","5,653,000,000","3,274,000,000","4,547,000,000","2,871,000,000","3,480,000,000","2,970,000,000","2,370,000,000","1,936,000,000","237,100,000","322,800,000","152,500,000","356,800,000","142,900,000","146,100,000","296,000,000","130,600,000","94,700,000","164,200,000","301,600,000","228,700,000","213,300,000","239,300,000"
			CashAndCashEquivalents,"2,594,000,000","2,745,000,000","2,079,000,000","2,880,000,000","4,470,000,000","10,598,000,000","53,528,000,000","3,093,000,000","13,362,000,000","6,668,000,000","2,009,000,000","9,782,000,000","1,153,000,000","3,219,000,000","776,000,000","2,290,000,000","699,000,000","1,438,000,000","979,000,000","757,000,000","1,097,000,000","237,100,000","322,800,000","152,500,000","356,800,000","142,900,000","146,100,000","296,000,000","130,600,000","94,700,000","164,200,000","301,600,000","228,700,000","213,300,000","239,300,000"
			OtherShortTermInvestments,,,,"0","350,000,000","555,000,000","601,000,000","470,000,000","592,000,000","545,000,000","490,000,000","509,000,000","2,244,000,000","2,434,000,000","2,498,000,000","2,257,000,000","2,172,000,000","2,042,000,000","1,991,000,000","1,613,000,000","839,000,000",,,,,,,,,,,,,,
		Receivables,"25,429,000,000","25,102,000,000","23,493,000,000","17,513,000,000","13,457,000,000","13,993,000,000","12,439,000,000","12,576,000,000","11,776,000,000","11,781,000,000","12,573,000,000","11,703,000,000","11,736,000,000","10,891,000,000","9,171,000,000","9,801,000,000","9,905,000,000","12,598,000,000","14,254,000,000","14,010,000,000","7,025,000,000","6,559,900,000","6,340,800,000","2,846,800,000","2,386,000,000","2,328,100,000","2,762,300,000","2,628,800,000","2,587,600,000","2,685,200,000","2,401,300,000","2,122,500,000","1,677,500,000","1,795,300,000","1,732,700,000"
			AccountsReceivable,"25,429,000,000","25,102,000,000","23,493,000,000","17,513,000,000","13,457,000,000","13,993,000,000","12,439,000,000","12,576,000,000","11,776,000,000","11,781,000,000","12,573,000,000","11,703,000,000","11,736,000,000","10,891,000,000","9,171,000,000","9,801,000,000","9,905,000,000","12,598,000,000","14,254,000,000","14,010,000,000","7,025,000,000",,,,,,,,,,,,,,
				GrossAccountsReceivable,"26,162,000,000","25,867,000,000","24,432,000,000","18,358,000,000","14,339,000,000","14,732,000,000","13,084,000,000","13,217,000,000",,,"13,549,000,000","12,644,000,000","12,761,000,000","12,030,000,000","10,459,000,000","11,471,000,000","12,292,000,000",,,,,,,,,,,,,,,,,,
				AllowanceForDoubtfulAccountsReceivable,"-733,000,000","-765,000,000","-939,000,000","-845,000,000","-882,000,000","-739,000,000","-645,000,000","-641,000,000",,,"-976,000,000","-941,000,000","-1,025,000,000","-1,139,000,000","-1,288,000,000","-1,670,000,000","-2,387,000,000",,,,,,,,,,,,,,,,,,
		Inventory,"1,422,000,000","1,336,000,000","1,034,000,000","1,202,000,000","1,252,000,000","1,153,000,000","1,020,000,000","1,075,000,000","940,000,000","1,131,000,000","2,289,000,000","2,092,000,000","1,729,000,000","1,514,000,000","1,780,000,000","1,535,000,000","1,283,000,000","1,502,000,000","1,968,000,000","1,910,000,000","664,000,000","566,000,000","550,300,000","148,700,000","132,800,000","274,600,000","250,900,000","266,000,000","293,300,000","357,900,000","278,700,000","316,500,000","298,600,000","270,900,000","242,300,000"
		PrepaidAssets,"4,229,000,000","5,453,000,000","3,307,000,000","3,918,000,000","1,959,000,000","3,324,000,000","3,406,000,000","4,021,000,000","4,269,000,000","2,223,000,000","5,247,000,000","1,989,000,000","1,836,000,000","1,888,000,000","2,223,000,000","2,646,000,000","4,234,000,000","3,341,000,000","2,796,000,000",,,,,,,,,,,,,,,,
		RestrictedCash,"1,221,000,000",,,,,,,,,,,,,,,,,,,,,,,,,,,,,,,,,,
		CurrentDeferredAssets,"2,578,000,000",,,,,,,,,,,,,,,,,,,,,,,,,,,,,,,,,,
		AssetsHeldForSaleCurrent,,,"0","882,000,000","792,000,000",,,,,,,,"0","2,592,000,000","0","950,000,000","0",,,,,,,,,,,,,,,,,,
		OtherCurrentAssets,,,,,,,,,,,,,,,,,,,"1,199,000,000","3,831,000,000","971,000,000","1,719,300,000","1,786,900,000","800,000,000","997,100,000","1,037,700,000","711,500,000","800,500,000","837,900,000","689,800,000","924,700,000","465,800,000","591,800,000","476,100,000","469,400,000"
	TotalNonCurrentAssets,"254,254,000,000","230,193,000,000","227,230,000,000","217,785,000,000","222,360,000,000","203,085,000,000","203,104,000,000","203,987,000,000","199,522,000,000","197,657,000,000","204,643,000,000","176,277,000,000","168,261,000,000","166,266,000,000","151,682,000,000","146,479,000,000","147,675,000,000","146,547,000,000","147,608,000,000","142,614,000,000","52,018,000,000","46,061,600,000","44,963,300,000","20,908,200,000","20,284,100,000","20,488,500,000","25,673,400,000","24,108,200,000","24,032,200,000","24,170,900,000","22,450,800,000","21,522,800,000","18,448,500,000","18,335,300,000","17,104,700,000"
		NetPPE,"114,609,000,000","89,286,000,000","88,568,000,000","84,751,000,000","83,541,000,000","89,947,000,000","88,956,000,000","88,642,000,000","88,434,000,000","87,711,000,000","91,466,000,000","86,546,000,000","85,294,000,000","82,356,000,000","75,305,000,000","74,124,000,000","75,316,000,000","74,496,000,000","74,419,000,000","69,504,000,000","39,299,000,000","36,815,500,000","35,039,400,000","15,915,700,000","15,921,300,000","16,938,100,000","20,365,900,000","20,330,000,000","19,961,800,000","19,447,100,000","18,874,100,000","18,173,900,000","17,245,400,000","16,931,600,000","16,536,700,000"
			GrossPPE,"288,428,000,000","252,835,000,000","246,498,000,000","232,215,000,000","220,163,000,000","230,508,000,000","220,865,000,000","209,575,000,000","215,626,000,000","211,655,000,000","228,518,000,000","215,605,000,000","213,994,000,000","204,109,000,000","193,610,000,000","185,522,000,000","180,975,000,000","178,028,000,000","169,586,000,000","158,957,000,000","89,238,000,000","83,064,100,000","77,437,200,000","34,758,400,000","33,553,800,000","33,745,800,000","32,329,900,000","31,046,200,000","31,847,900,000","30,783,500,000","29,312,200,000","27,569,700,000","25,320,800,000","23,719,100,000","22,138,400,000"
				Properties,"0","0","0","0","0","0","0","0","0","0","0","0","0","0","0","0","0","0","0",,,,,,,,,,,,,,,,
				LandAndImprovements,"594,000,000","807,000,000","806,000,000","667,000,000","709,000,000","763,000,000","819,000,000","859,000,000","862,000,000","865,000,000","925,000,000","815,000,000","839,000,000","959,000,000","753,000,000","772,000,000","812,000,000","915,000,000","850,000,000",,,,,,,,,,,,,,,,
				BuildingsAndImprovements,"31,216,000,000","30,468,000,000","28,914,000,000","27,117,000,000","25,587,000,000","25,209,000,000","23,857,000,000","22,909,000,000","21,969,000,000","21,064,000,000","21,492,000,000","20,440,000,000","19,734,000,000","19,207,000,000","16,800,000,000","16,159,000,000","15,677,000,000","16,145,000,000","14,801,000,000",,,,,,,,,,,,,,,,
				MachineryFurnitureEquipment,"215,618,000,000","206,618,000,000","202,245,000,000","191,094,000,000","181,856,000,000","193,582,000,000","186,136,000,000","176,277,000,000","184,348,000,000","180,535,000,000","198,076,000,000","186,234,000,000","185,566,000,000","176,369,000,000","169,648,000,000","162,091,000,000","158,648,000,000","155,939,000,000","147,603,000,000",,,,,,,,,,,,,,,,
				OtherProperties,"22,694,000,000","49,859,000,000","47,972,000,000","45,639,000,000","44,290,000,000","54,797,000,000","55,240,000,000","53,761,000,000",,,,"2,682,000,000","2,255,000,000","2,198,000,000","2,385,000,000","2,903,000,000","3,126,000,000","3,553,000,000","4,362,000,000",,,,,,,,,,,,,,,,
				ConstructionInProgress,"9,234,000,000","6,362,000,000","6,139,000,000","5,710,000,000","4,907,000,000","4,580,000,000","4,176,000,000","4,126,000,000","3,417,000,000","4,375,000,000","3,331,000,000","1,279,000,000","1,988,000,000","2,315,000,000","1,651,000,000","1,649,000,000","1,137,000,000","1,476,000,000","1,970,000,000",,,,,,,,,,,,,,,,
				Leases,"9,072,000,000","8,580,000,000","8,394,000,000","7,627,000,000","7,104,000,000","6,374,000,000","5,877,000,000","5,404,000,000","5,030,000,000","4,816,000,000","4,694,000,000","4,155,000,000","3,612,000,000","3,061,000,000","2,373,000,000","1,948,000,000","1,575,000,000",,,,,,,,,,,,,,,,,,
			AccumulatedDepreciation,"-173,819,000,000","-163,549,000,000","-157,930,000,000","-147,464,000,000","-136,622,000,000","-140,561,000,000","-131,909,000,000","-120,933,000,000","-127,192,000,000","-123,944,000,000","-137,052,000,000","-129,059,000,000","-128,700,000,000","-121,753,000,000","-118,305,000,000","-111,398,000,000","-105,659,000,000","-103,532,000,000","-95,167,000,000","-89,453,000,000","-49,939,000,000","-46,248,600,000","-42,397,800,000","-18,842,700,000","-17,632,500,000","-16,807,700,000","-11,964,000,000","-10,716,200,000","-11,886,100,000","-11,336,400,000","-10,438,100,000","-9,395,800,000","-8,075,400,000","-6,787,500,000","-5,601,700,000"
		GoodwillAndOtherIntangibleAssets,"128,946,000,000","128,519,000,000","127,836,000,000","122,775,000,000","120,244,000,000","105,708,000,000","106,181,000,000","107,816,000,000","102,485,000,000","100,814,000,000","101,303,000,000","73,208,000,000","61,029,000,000","61,754,000,000","52,933,000,000","47,448,000,000","47,029,000,000","46,739,000,000","44,262,000,000","41,990,000,000",,,,,,,,,,,,,,,
			Goodwill,"24,389,000,000","24,614,000,000","29,172,000,000","27,205,000,000","25,331,000,000","24,639,000,000","24,634,000,000","24,139,000,000","23,357,000,000","21,988,000,000","22,472,000,000","6,035,000,000","5,245,000,000","5,655,000,000","836,000,000","837,000,000","1,389,000,000",,,,,,,,,,,,,,,,,,
			OtherIntangibleAssets,"104,557,000,000","103,905,000,000","98,664,000,000","95,570,000,000","94,913,000,000","81,069,000,000","81,547,000,000","83,677,000,000","79,128,000,000","78,826,000,000","78,831,000,000","67,173,000,000","55,784,000,000","56,099,000,000","52,097,000,000","46,611,000,000","45,640,000,000","46,739,000,000","44,262,000,000","41,990,000,000",,,,,,,,,,,,,,,
		InvestmentsAndAdvances,"558,000,000","671,000,000","1,039,000,000","1,110,000,000","796,000,000","802,000,000","3,432,000,000","3,401,000,000","3,448,000,000","3,497,000,000","3,535,000,000","8,174,000,000","3,372,000,000","4,868,000,000","4,604,000,000","5,855,000,000","5,789,000,000",,,,,,,,,,,,,,,,,,
			LongTermEquityInvestment,"558,000,000","671,000,000","1,039,000,000","1,110,000,000","796,000,000","802,000,000","3,432,000,000","3,401,000,000","3,448,000,000","3,497,000,000","3,535,000,000","3,393,000,000","3,372,000,000","4,868,000,000","4,604,000,000","5,855,000,000","5,789,000,000",,,,,,,,,,,,,,,,,,
			OtherInvestments,,,,,,,,,,,,"4,781,000,000",,,,,,,,,,,,,,,,,,,,,,,
		NonCurrentDeferredAssets,,,,,,,,,,,,"11,769,000,000",,,,,,,,,,,,,,,,,,,,,,,
			NonCurrentDeferredTaxesAssets,,,,,,,,,,,,"11,769,000,000",,,,,,,,,,,,,,,,,,,,,,,
		NonCurrentPrepaidAssets,,,,,"0",,,,,,,,,,,,,,,,,,,,,,,,,,,,,,
		OtherNonCurrentAssets,"10,141,000,000","11,717,000,000","9,787,000,000","9,149,000,000","17,779,000,000","6,628,000,000","4,535,000,000","4,128,000,000","5,155,000,000","5,635,000,000","8,339,000,000","8,349,000,000","18,566,000,000","17,288,000,000","18,840,000,000","19,052,000,000","19,541,000,000","25,312,000,000","28,927,000,000","31,120,000,000","12,719,000,000","9,246,100,000","9,923,900,000","4,992,500,000","4,362,800,000","3,550,400,000","5,307,500,000","3,778,200,000","4,070,400,000","4,723,800,000","3,576,700,000","3,348,900,000","1,203,100,000","1,403,700,000","568,000,000"
TotalLiabilitiesNetMinorityInterest,"228,892,000,000","210,119,000,000","212,456,000,000","220,148,000,000","226,798,000,000","219,032,000,000","178,682,000,000","139,689,000,000","144,553,000,000","133,093,000,000","142,884,000,000","123,447,000,000","104,090,000,000","111,932,000,000","101,696,000,000","103,345,000,000","108,154,000,000","110,711,000,000","116,107,000,000","108,327,000,000","46,075,000,000","41,588,300,000","40,063,300,000","17,288,400,000","17,473,200,000","18,105,500,000","21,319,800,000","20,283,200,000","20,050,300,000","19,068,500,000","17,629,100,000","15,552,500,000","12,503,200,000","12,770,200,000","11,867,100,000"
	CurrentLiabilities,"44,868,000,000","37,930,000,000","33,037,000,000","30,340,000,000","35,052,000,000","28,064,000,000","27,050,000,000","26,956,000,000","30,761,000,000","30,597,000,000","29,136,000,000","25,906,000,000","24,741,000,000","32,280,000,000","25,063,000,000","23,129,000,000","26,570,000,000","27,047,000,000","38,020,000,000","34,236,000,000","13,467,000,000","10,531,200,000","13,664,200,000","5,702,800,000","5,373,000,000","5,576,700,000","6,123,900,000","5,872,200,000","5,175,200,000","5,965,000,000","5,053,000,000","4,265,200,000","3,183,800,000","3,593,800,000","2,831,900,000"
		PayablesAndAccruedExpenses,"24,372,000,000","25,013,000,000","23,661,000,000","21,968,000,000","21,685,000,000","18,987,000,000","17,992,000,000","17,676,000,000","25,912,000,000","23,055,000,000","11,511,000,000","10,527,000,000","10,900,000,000","11,944,000,000","11,098,000,000","11,734,000,000","12,407,000,000","12,076,000,000","13,321,000,000","13,965,000,000","6,465,000,000","6,105,000,000","5,966,400,000","2,902,700,000","2,723,500,000","2,220,200,000","2,134,900,000","1,939,500,000","1,876,900,000","2,171,000,000","2,157,700,000",,,,
			Payables,"12,062,000,000","11,227,000,000","10,975,000,000","10,975,000,000","10,768,000,000","9,362,000,000","8,049,000,000","7,430,000,000","16,495,000,000","12,446,000,000","7,153,000,000","7,576,000,000","8,027,000,000","8,348,000,000","6,569,000,000","7,236,000,000","7,955,000,000","4,917,000,000","5,171,000,000","13,965,000,000","6,465,000,000","6,105,000,000","5,966,400,000","2,902,700,000","2,723,500,000","2,220,200,000","2,134,900,000","1,939,500,000","1,876,900,000","2,171,000,000","2,157,700,000",,,,
				AccountsPayable,"7,725,000,000","7,232,000,000","7,063,000,000","7,084,000,000","6,391,000,000","5,598,000,000","4,954,000,000","4,740,000,000","4,194,000,000","3,936,000,000","4,337,000,000","3,856,000,000","4,491,000,000","4,392,000,000","2,827,000,000","2,827,000,000","4,130,000,000","4,917,000,000","5,171,000,000","13,965,000,000","6,465,000,000","6,105,000,000","5,966,400,000","2,902,700,000","2,723,500,000","2,220,200,000","2,134,900,000","1,939,500,000","1,876,900,000","2,171,000,000","2,157,700,000",,,,
				TotalTaxPayable,"1,771,000,000","1,483,000,000","1,483,000,000","1,516,000,000","2,054,000,000","1,457,000,000","1,556,000,000","1,196,000,000","1,078,000,000","1,157,000,000","1,444,000,000","2,136,000,000","2,270,000,000","2,757,000,000","2,605,000,000","3,326,000,000","2,741,000,000",,,,,,,,,,,,,,,,,,
				DividendsPayable,"2,566,000,000","2,512,000,000","2,429,000,000","2,375,000,000","2,323,000,000","2,307,000,000","1,539,000,000","1,494,000,000","5,940,000,000","1,402,000,000","1,372,000,000","1,584,000,000","1,266,000,000","1,199,000,000","1,137,000,000","1,083,000,000","1,084,000,000",,,,,,,,,,,,,,,,,,
				OtherPayable,,,,,,,,,"5,283,000,000","5,951,000,000",,,,,,,,,,,,,,,,,,,,,,,,,
			CurrentAccruedExpenses,"12,310,000,000","13,786,000,000","12,686,000,000","10,993,000,000","10,917,000,000","9,625,000,000","9,943,000,000","10,246,000,000","9,417,000,000","10,609,000,000","4,358,000,000","2,951,000,000","2,873,000,000","3,596,000,000","4,529,000,000","4,498,000,000","4,452,000,000","7,159,000,000","8,150,000,000",,,,,,,,,,,,,,,,
				InterestPayable,"1,441,000,000","1,570,000,000","1,409,000,000","1,463,000,000","1,529,000,000","1,478,000,000","1,199,000,000","632,000,000","774,000,000","813,000,000","872,000,000","652,000,000","473,000,000","614,000,000","579,000,000","585,000,000","633,000,000",,,,,,,,,,,,,,,,,,
		PensionandOtherPostRetirementBenefitPlansCurrent,,,,,,,,,,,"5,084,000,000","4,871,000,000","4,828,000,000","3,575,000,000","2,390,000,000","2,526,000,000","3,376,000,000",,,,,,,,,,,,,,,,,,
		CurrentDebtAndCapitalLeaseObligation,"14,038,000,000","7,190,000,000","3,453,000,000","2,645,000,000","6,489,000,000","2,735,000,000","3,933,000,000","4,369,000,000","4,849,000,000","7,542,000,000","7,205,000,000","4,993,000,000","2,954,000,000","7,715,000,000","7,141,000,000","3,593,000,000","5,967,000,000","9,288,000,000","18,669,000,000","14,838,000,000","5,455,000,000","2,987,600,000","6,342,800,000","2,137,300,000","1,930,200,000","2,087,600,000","2,677,300,000","2,703,500,000","2,014,300,000","2,597,000,000","1,731,200,000","1,588,800,000","659,000,000","1,086,700,000","635,300,000"
			CurrentDebt,"10,441,000,000","7,190,000,000","3,453,000,000","2,645,000,000","6,489,000,000","2,735,000,000","3,933,000,000","4,369,000,000","4,849,000,000","7,542,000,000","7,205,000,000","4,993,000,000","2,954,000,000","7,715,000,000","7,141,000,000","3,593,000,000","5,967,000,000","9,288,000,000","18,669,000,000","14,838,000,000","5,455,000,000","2,987,600,000","6,342,800,000","2,137,300,000","1,930,200,000","2,087,600,000","2,677,300,000","2,703,500,000","2,014,300,000","2,597,000,000","1,731,200,000","1,588,800,000","659,000,000","1,086,700,000","635,300,000"
				CurrentNotesPayable,,,"150,000,000","168,000,000","158,000,000","319,000,000",,,,,,,,,,,"0",,,,,,,,,,,,,,,,,,
				CommercialPaper,,,,"0","6,000,000","19,000,000","447,000,000","500,000,000","1,934,000,000",,"1,100,000,000","1,487,000,000","390,000,000","3,576,000,000","2,204,000,000","0","767,000,000",,,,,,,,,,,,,,,,,,
				OtherCurrentBorrowings,"10,441,000,000",,"3,303,000,000","2,477,000,000","6,325,000,000","2,397,000,000","3,486,000,000","3,869,000,000","2,915,000,000","7,542,000,000","6,105,000,000","3,506,000,000","2,564,000,000","4,139,000,000","4,937,000,000","3,593,000,000","5,200,000,000",,,,,,,,,,,,,,,,,,
			CurrentCapitalLeaseObligation,"3,597,000,000",,,,,,,,,,,,,,,,,,,,,,,,,,,,,,,,,,
		CurrentDeferredLiabilities,"4,651,000,000","4,207,000,000","3,084,000,000","2,914,000,000","2,969,000,000","3,125,000,000","2,829,000,000","3,554,000,000",,,"2,644,000,000","2,651,000,000","2,476,000,000","2,226,000,000","1,985,000,000","1,899,000,000","1,686,000,000",,,,,,,,,,,,,,,,,,
			CurrentDeferredRevenue,"4,651,000,000","4,207,000,000","3,084,000,000","2,914,000,000","2,969,000,000","3,125,000,000","2,829,000,000","3,554,000,000",,,"2,644,000,000","2,651,000,000","2,476,000,000","2,226,000,000","1,985,000,000","1,899,000,000","1,686,000,000",,,,,,,,,,,,,,,,,,
		OtherCurrentLiabilities,"1,807,000,000","1,520,000,000","2,839,000,000","2,813,000,000","3,909,000,000","3,217,000,000","2,296,000,000","1,357,000,000",,"7,353,000,000","2,692,000,000","2,864,000,000","3,583,000,000","6,820,000,000","2,449,000,000","3,377,000,000","3,134,000,000","5,683,000,000","6,030,000,000","5,433,000,000","1,547,000,000","1,438,600,000","1,355,000,000","662,800,000","719,300,000","1,268,900,000","1,311,700,000","1,229,200,000","1,284,000,000","1,197,000,000","1,164,100,000","2,676,400,000","2,524,800,000","2,507,100,000","2,196,600,000"
	TotalNonCurrentLiabilitiesNetMinorityInterest,"184,024,000,000","172,189,000,000","179,419,000,000","189,808,000,000","191,746,000,000","190,968,000,000","151,632,000,000","112,733,000,000","113,792,000,000","102,496,000,000","113,748,000,000","97,541,000,000","79,349,000,000","79,652,000,000","76,633,000,000","80,216,000,000","81,584,000,000","83,664,000,000","78,087,000,000","74,091,000,000","32,608,000,000","31,057,100,000","26,399,100,000","11,585,600,000","12,100,200,000","12,528,800,000","15,195,900,000","14,411,000,000","14,875,100,000","13,103,500,000","12,576,100,000","11,287,300,000","9,319,400,000","9,176,400,000","9,035,200,000"
		LongTermDebtAndCapitalLeaseObligation,"119,105,000,000","105,873,000,000","113,642,000,000","105,433,000,000","103,705,000,000","110,536,000,000","89,658,000,000","47,618,000,000","50,303,000,000","45,252,000,000","55,051,000,000","46,959,000,000","28,203,000,000","28,646,000,000","31,869,000,000","35,674,000,000","39,413,000,000","44,791,000,000","45,657,000,000","42,491,000,000","18,463,000,000","17,646,400,000","13,265,200,000","5,960,200,000","6,407,200,000","6,805,700,000","7,206,200,000","7,348,200,000","7,959,500,000","8,171,100,000","7,720,600,000","6,557,200,000","5,199,200,000","4,957,300,000","4,890,500,000"
			LongTermDebt,"99,932,000,000","105,873,000,000","113,642,000,000","105,433,000,000","103,705,000,000","110,536,000,000","89,658,000,000","47,618,000,000","50,303,000,000","45,252,000,000","55,051,000,000","46,959,000,000","28,203,000,000","28,646,000,000","31,869,000,000","35,674,000,000","39,413,000,000","44,791,000,000","45,657,000,000","42,491,000,000","18,463,000,000","17,646,400,000","13,265,200,000","5,960,200,000","6,407,200,000","6,805,700,000","7,206,200,000","7,348,200,000","7,959,500,000","8,171,100,000","7,720,600,000","6,557,200,000","5,199,200,000","4,957,300,000","4,890,500,000"
			LongTermCapitalLeaseObligation,"19,173,000,000",,,,,,,,,,,,,,,,,,,,,,,,,,,,,,,,,,
		NonCurrentDeferredLiabilities,"34,703,000,000","33,795,000,000","31,232,000,000","45,964,000,000","45,484,000,000","41,578,000,000","28,639,000,000","24,677,000,000","25,060,000,000","22,818,000,000","19,310,000,000","11,769,000,000","14,784,000,000","16,270,000,000","22,411,000,000","22,532,000,000","21,708,000,000","19,468,000,000","16,543,000,000","15,260,000,000","3,892,000,000","2,253,800,000","2,106,200,000","1,229,900,000","1,213,900,000","1,305,700,000","2,913,500,000","3,094,300,000","3,060,000,000","4,017,100,000","3,859,700,000","3,576,500,000","3,124,200,000","3,056,800,000","2,955,000,000"
			NonCurrentDeferredTaxesLiabilities,"34,703,000,000","33,795,000,000","31,232,000,000","45,964,000,000","45,484,000,000","41,578,000,000","28,639,000,000","24,677,000,000","25,060,000,000","22,818,000,000","19,310,000,000","11,769,000,000","14,784,000,000","16,270,000,000","22,411,000,000","22,532,000,000","21,708,000,000","19,468,000,000","16,543,000,000","15,260,000,000","3,892,000,000","2,253,800,000","2,106,200,000","1,229,900,000","1,213,900,000","1,305,700,000","2,913,500,000","3,094,300,000","3,060,000,000","4,017,100,000","3,859,700,000","3,576,500,000","3,124,200,000","3,056,800,000","2,955,000,000"
		EmployeeBenefits,"17,952,000,000","18,599,000,000","22,112,000,000","26,166,000,000","29,957,000,000","33,280,000,000","27,682,000,000","34,346,000,000","32,957,000,000","28,164,000,000","32,622,000,000","32,512,000,000","29,960,000,000","30,779,000,000","18,819,000,000","17,941,000,000","16,759,000,000",,,,,,,,,,,,,,,,,,
			NonCurrentPensionAndOtherPostretirementBenefitPlans,,,,,,,,,"32,957,000,000","28,164,000,000","32,622,000,000","32,512,000,000","29,960,000,000","30,779,000,000","18,819,000,000","17,941,000,000","16,759,000,000",,,,,,,,,,,,,,,,,,
		LiabilitiesHeldforSaleNonCurrent,,,,"6,000,000","959,000,000",,,,,,,,,,,,,,,,,,,,,,,,,,,,,,
		OtherNonCurrentLiabilities,"12,264,000,000","13,922,000,000","12,433,000,000","12,239,000,000","11,641,000,000","5,574,000,000","5,653,000,000","6,092,000,000","5,472,000,000","6,262,000,000","6,765,000,000","6,301,000,000","6,402,000,000","3,957,000,000","3,534,000,000","4,069,000,000","3,704,000,000","19,405,000,000","15,887,000,000","16,340,000,000","10,253,000,000","11,156,900,000","11,027,700,000","4,395,500,000","4,479,100,000","4,417,400,000","5,076,200,000","3,968,500,000","3,855,600,000","915,300,000","995,800,000","1,153,600,000","996,000,000","1,162,300,000","1,189,700,000"
TotalEquityGrossMinorityInterest,"62,835,000,000","54,710,000,000","44,687,000,000","24,032,000,000","17,842,000,000","13,676,000,000","95,416,000,000","85,533,000,000","85,908,000,000","86,912,000,000","84,367,000,000","78,905,000,000","82,869,000,000","76,872,000,000","66,434,000,000","62,613,000,000","57,814,000,000","56,757,000,000","54,688,000,000","56,408,000,000","16,539,000,000","13,555,600,000","13,900,800,000","7,567,800,000","6,683,600,000","6,166,300,000","8,224,400,000","7,816,300,000","7,831,300,000","8,930,000,000","8,590,600,000","9,176,700,000","8,741,900,000","8,320,700,000","7,921,300,000"
	StockholdersEquity,"61,395,000,000","53,145,000,000","43,096,000,000","22,524,000,000","16,428,000,000","12,298,000,000","38,836,000,000","33,157,000,000","35,970,000,000","38,569,000,000","41,606,000,000","41,706,000,000","50,581,000,000","48,535,000,000","39,680,000,000","37,560,000,000","33,466,000,000","32,616,000,000","32,539,000,000","34,578,000,000","16,081,000,000","13,225,900,000","12,989,600,000","7,567,800,000","6,683,600,000","6,166,300,000","8,224,400,000","7,816,300,000","7,831,300,000","8,930,000,000","8,590,600,000","9,176,700,000","8,741,900,000","8,320,700,000","7,921,300,000"
		CapitalStock,"429,000,000","429,000,000","424,000,000","424,000,000","424,000,000","424,000,000","297,000,000","297,000,000","297,000,000","297,000,000","297,000,000","297,000,000","297,000,000","297,000,000","277,000,000","277,000,000","277,000,000","275,000,000","275,000,000","275,000,000","359,000,000","358,100,000","279,300,000","582,800,000",,"521,500,000",,,,,,,,,
			PreferredStock,"0","0","0","0","0","0","0","0","0","0","0","0","0","0","0","0","0",,,,"201,000,000","200,500,000","200,500,000","145,000,000",,"85,000,000",,,,,,,,,
			CommonStock,"429,000,000","429,000,000","424,000,000","424,000,000","424,000,000","424,000,000","297,000,000","297,000,000","297,000,000","297,000,000","297,000,000","297,000,000","297,000,000","297,000,000","277,000,000","277,000,000","277,000,000","275,000,000","275,000,000","275,000,000","158,000,000","157,600,000","78,800,000","437,800,000",,"436,500,000",,,,,,,,,
		AdditionalPaidInCapital,"13,419,000,000","13,437,000,000","11,101,000,000","11,182,000,000","11,196,000,000","11,155,000,000","37,939,000,000","37,990,000,000",,"37,922,000,000","40,108,000,000","40,291,000,000","40,316,000,000","40,124,000,000","25,369,000,000","25,404,000,000","25,363,000,000","24,685,000,000","24,676,000,000","24,555,000,000","13,550,000,000",,,,,,,,,,,,,,
		RetainedEarnings,"53,147,000,000","43,542,000,000","35,635,000,000","15,059,000,000","11,246,000,000","2,447,000,000","1,782,000,000","-3,734,000,000","1,179,000,000","4,368,000,000","17,592,000,000","19,250,000,000","17,884,000,000","17,324,000,000","15,905,000,000","12,984,000,000","9,409,000,000","10,536,000,000","10,704,000,000","14,667,000,000","2,806,000,000","1,370,800,000","1,261,700,000","2,381,900,000","1,776,500,000","1,144,400,000","3,093,600,000","2,853,400,000","3,088,700,000","4,290,700,000","3,889,700,000","3,688,800,000","3,179,300,000","2,701,900,000","2,252,500,000"
		TreasuryStock,"6,820,000,000","6,986,000,000","7,139,000,000","7,263,000,000","7,416,000,000","3,263,000,000","3,961,000,000","4,071,000,000","5,002,000,000","5,267,000,000","5,000,000,000","4,839,000,000","3,489,000,000","1,871,000,000","353,000,000","142,000,000","115,000,000","218,000,000","1,182,000,000","1,861,000,000","640,000,000","592,200,000","590,500,000","3,600,000",,"11,000,000",,,,,,,,,
		GainsLossesNotAffectingRetainedEarnings,"998,000,000","2,370,000,000","2,659,000,000","2,673,000,000","550,000,000","1,111,000,000","2,358,000,000","2,235,000,000","1,269,000,000","1,049,000,000","-11,479,000,000","-13,372,000,000","-4,506,000,000","-7,530,000,000","-1,783,000,000","-1,053,000,000","-1,250,000,000","-2,662,000,000","-1,934,000,000","-3,058,000,000","6,000,000","12,089,200,000","12,039,100,000","4,606,700,000",,"4,511,400,000",,,,,,,,,
			ForeignCurrencyTranslationAdjustments,,,,,,,,,,,,,,,,,,"-1,228,000,000","-1,448,000,000","-1,408,000,000",,"-714,200,000","-553,400,000","-458,500,000",,"-330,800,000",,,,,,,,,
			OtherEquityAdjustments,,,,,,,,,,,,,,,,,,"-1,434,000,000","-486,000,000","-1,650,000,000",,"12,803,400,000","12,592,500,000","5,065,200,000",,"4,842,200,000",,,,,,,,,
		OtherEquityInterest,"222,000,000","353,000,000","416,000,000","449,000,000","428,000,000","424,000,000","421,000,000","440,000,000","38,227,000,000","38,122,000,000","88,000,000","79,000,000","79,000,000","191,000,000","265,000,000","90,000,000","-218,000,000",,,,,,,,"4,907,100,000",,"5,130,800,000","4,962,900,000","4,742,600,000","4,639,300,000","4,700,900,000","5,487,900,000","5,562,600,000","5,618,800,000","5,668,800,000"
	MinorityInterest,"1,440,000,000","1,565,000,000","1,591,000,000","1,508,000,000","1,414,000,000","1,378,000,000","56,580,000,000","52,376,000,000","49,938,000,000","48,343,000,000","42,761,000,000","37,199,000,000","32,288,000,000","28,337,000,000","26,754,000,000","25,053,000,000","24,348,000,000","24,141,000,000","22,149,000,000","21,830,000,000","458,000,000","329,700,000","911,200,000",,,,,,,,,,,,
TotalCapitalization,"161,327,000,000","159,018,000,000","156,738,000,000","127,957,000,000","120,133,000,000","122,834,000,000","128,494,000,000","80,775,000,000","86,273,000,000","83,821,000,000","96,657,000,000","88,665,000,000","78,784,000,000","77,181,000,000","71,549,000,000","73,234,000,000","72,879,000,000","77,407,000,000","78,196,000,000","77,069,000,000","34,544,000,000","30,872,300,000","26,254,800,000","13,528,000,000","13,090,800,000","12,972,000,000","15,430,600,000","15,164,500,000","15,790,800,000","17,101,100,000","16,311,200,000","15,733,900,000","13,941,100,000","13,278,000,000","12,811,800,000"
PreferredStockEquity,,,,,,,,,,,,,,,,,,,,,"201,000,000","200,500,000","200,500,000","145,000,000",,"85,000,000",,,,,,,,,
CommonStockEquity,"61,395,000,000","53,145,000,000","43,096,000,000","22,524,000,000","16,428,000,000","12,298,000,000","38,836,000,000","33,157,000,000","35,970,000,000","38,569,000,000","41,606,000,000","41,706,000,000","50,581,000,000","48,535,000,000","39,680,000,000","37,560,000,000","33,466,000,000","32,616,000,000","32,539,000,000","34,578,000,000","15,880,000,000","13,025,400,000","12,789,100,000","7,422,800,000","6,683,600,000","6,081,300,000","8,224,400,000","7,816,300,000","7,831,300,000","8,930,000,000","8,590,600,000","9,176,700,000","8,741,900,000","8,320,700,000","7,921,300,000"
CapitalLeaseObligations,"22,770,000,000",,,,,,,,,,,,,,,,,,,,,,,,,,,,,,,,,,
NetTangibleAssets,"-67,551,000,000","-75,374,000,000","-84,740,000,000","-100,251,000,000","-103,816,000,000","-93,410,000,000","-67,345,000,000","-74,659,000,000","-66,515,000,000","-62,245,000,000","-59,697,000,000","-31,502,000,000","-10,448,000,000","-13,219,000,000","-13,253,000,000","-9,888,000,000","-13,563,000,000","-14,123,000,000","-11,723,000,000","-7,412,000,000","16,081,000,000","13,225,900,000","12,989,600,000","7,567,800,000","6,683,600,000","6,166,300,000","8,224,400,000","7,816,300,000","7,831,300,000","8,930,000,000","8,590,600,000","9,176,700,000","8,741,900,000","8,320,700,000","7,921,300,000"
WorkingCapital,"-7,395,000,000","-3,294,000,000","-3,124,000,000","-3,945,000,000","-12,772,000,000","1,559,000,000","43,944,000,000","-5,721,000,000","178,000,000","-8,249,000,000","-6,528,000,000","169,000,000","-6,043,000,000","-9,742,000,000","-8,615,000,000","-3,650,000,000","-8,277,000,000","-6,126,000,000","-14,833,000,000","-12,115,000,000","-2,871,000,000","-1,448,900,000","-4,663,400,000","-1,754,800,000","-1,500,300,000","-1,793,400,000","-2,253,100,000","-1,880,900,000","-1,325,800,000","-2,137,400,000","-1,284,100,000","-1,058,800,000","-387,200,000","-838,200,000","-148,200,000"
InvestedCapital,"171,768,000,000","166,208,000,000","160,191,000,000","130,602,000,000","126,622,000,000","125,569,000,000","132,427,000,000","85,144,000,000","91,122,000,000","91,363,000,000","103,862,000,000","93,658,000,000","81,738,000,000","84,896,000,000","78,690,000,000","76,827,000,000","78,846,000,000","86,695,000,000","96,865,000,000","91,907,000,000","39,798,000,000","33,659,400,000","32,397,100,000","15,520,300,000","15,021,000,000","14,974,600,000","18,107,900,000","17,868,000,000","17,805,100,000","19,698,100,000","18,042,400,000","17,322,700,000","14,600,100,000","14,364,700,000","13,447,100,000"
TangibleBookValue,"-67,551,000,000","-75,374,000,000","-84,740,000,000","-100,251,000,000","-103,816,000,000","-93,410,000,000","-67,345,000,000","-74,659,000,000","-66,515,000,000","-62,245,000,000","-59,697,000,000","-31,502,000,000","-10,448,000,000","-13,219,000,000","-13,253,000,000","-9,888,000,000","-13,563,000,000","-14,123,000,000","-11,723,000,000","-7,412,000,000","15,880,000,000","13,025,400,000","12,789,100,000","7,422,800,000","6,683,600,000","6,081,300,000","8,224,400,000","7,816,300,000","7,831,300,000","8,930,000,000","8,590,600,000","9,176,700,000","8,741,900,000","8,320,700,000","7,921,300,000"
TotalDebt,"133,143,000,000","113,063,000,000","117,095,000,000","108,078,000,000","110,194,000,000","113,271,000,000","93,591,000,000","51,987,000,000","55,152,000,000","52,794,000,000","62,256,000,000","51,952,000,000","31,157,000,000","36,361,000,000","39,010,000,000","39,267,000,000","45,380,000,000","54,079,000,000","64,326,000,000","57,329,000,000","23,918,000,000","20,634,000,000","19,608,000,000","8,097,500,000","8,337,400,000","8,893,300,000","9,883,500,000","10,051,700,000","9,973,800,000","10,768,100,000","9,451,800,000","8,146,000,000","5,858,200,000","6,044,000,000","5,525,800,000"
NetDebt,"107,779,000,000","110,318,000,000","115,016,000,000","105,198,000,000","105,724,000,000","102,673,000,000","40,063,000,000","48,894,000,000","41,790,000,000","46,126,000,000","60,247,000,000","42,170,000,000","30,004,000,000","33,142,000,000","38,234,000,000","36,977,000,000","44,681,000,000","52,641,000,000","63,347,000,000","56,572,000,000","22,821,000,000","20,396,900,000","19,285,200,000","7,945,000,000","7,980,600,000","8,750,400,000","9,737,400,000","9,755,700,000","9,843,200,000","10,673,400,000","9,287,600,000","7,844,400,000","5,629,500,000","5,830,700,000","5,286,500,000"
ShareIssued,"4,291,433,646","4,291,433,646","4,242,374,240","4,242,374,240","4,242,374,240","4,242,374,240","2,967,610,119","2,967,610,119","2,967,610,119","2,967,610,119","3,099,552,119","2,967,610,119","2,876,824,119","2,911,505,438","2,763,409,381","2,769,964,950","2,767,759,845","2,745,782,839","2,717,198,915","2,703,559,950","1,552,677,000","1,576,223,000","1,553,100,000","875,524,000","872,812,000","872,372,000","872,444,000","867,938,000","792,102,000","786,382,000","788,908,000","788,060,000","792,372,000","798,984,000","798,984,000"
OrdinarySharesNumber,"4,135,828,119","4,132,033,379","4,079,476,372","4,076,684,651","4,073,175,240","4,154,964,240","2,862,000,119","2,858,569,119","2,834,016,119","2,827,023,119","2,967,610,119","2,967,610,119","2,876,824,119","2,911,505,438","2,763,409,381","2,769,964,950","2,767,759,845","2,745,782,839","2,717,198,915","2,703,559,950","1,552,677,000","1,576,223,000","1,553,100,000","875,524,000","872,812,000","872,372,000","872,444,000","867,938,000","792,102,000","786,382,000","788,908,000","788,060,000","792,372,000","798,984,000","798,984,000"
TreasurySharesNumber,"155,605,527","159,400,267","162,897,868","165,689,589","169,199,000","87,410,000","105,610,000","109,041,000","133,594,000","140,587,000","131,942,000",,,,,,,,,,,,,,,,,,,,,,,,